{
  "type": "FeatureCollection",
  "features": [
    {
      "type": "Feature",
      "properties": {
        "zone_code": "LTD1",
        "zone_name": "Izmit",
        "zone_type": "DANGER",
        "lower_limit": "SFC",
        "upper_limit": "3000 FT AMSL",
        "effective_from": null,
        "effective_to": null,
        "is_active": true,
        "source_note": "DHM? AIP ENR 5.1 (LT_ENR_5_1_en.PDF, AIRAC AMDT 03/25-06/25)"
      },
      "geometry": {
        "type": "Polygon",
        "coordinates": [
          [
            [
              29.7213889,
              40.7686111
            ],
            [
              29.7752778,
              40.7725
            ],
            [
              29.7902778,
              40.7358333
            ],
            [
              29.7511111,
              40.7377778
            ],
            [
              29.7213889,
              40.7686111
            ]
          ]
        ]
      }
    },
    {
      "type": "Feature",
      "properties": {
        "zone_code": "LTD2",
        "zone_name": "Usak Kisladag",
        "zone_type": "DANGER",
        "lower_limit": "SFC",
        "upper_limit": "7000 FT AMSL",
        "effective_from": null,
        "effective_to": null,
        "is_active": true,
        "source_note": "DHM? AIP ENR 5.1 (LT_ENR_5_1_en.PDF, AIRAC AMDT 03/25-06/25)"
      },
      "geometry": {
        "type": "Polygon",
        "coordinates": [
          [
            [
              29.1491667,
              38.4905406
            ],
            [
              29.1505537,
              38.4904694
            ],
            [
              29.151917,
              38.4902571
            ],
            [
              29.1532332,
              38.4899074
            ],
            [
              29.1544799,
              38.4894261
            ],
            [
              29.1556356,
              38.4888216
            ],
            [
              29.1566807,
              38.4881042
            ],
            [
              29.1575972,
              38.4872861
            ],
            [
              29.1583694,
              38.4863814
            ],
            [
              29.1589842,
              38.4854055
            ],
            [
              29.159431,
              38.4843752
            ],
            [
              29.1597022,
              38.483308
            ],
            [
              29.1597931,
              38.4822222
            ],
            [
              29.1597022,
              38.4811364
            ],
            [
              29.159431,
              38.4800692
            ],
            [
              29.1589842,
              38.4790389
            ],
            [
              29.1583694,
              38.478063
            ],
            [
              29.1575972,
              38.4771583
            ],
            [
              29.1566807,
              38.4763402
            ],
            [
              29.1556356,
              38.4756228
            ],
            [
              29.1544799,
              38.4750183
            ],
            [
              29.1532332,
              38.474537
            ],
            [
              29.151917,
              38.4741873
            ],
            [
              29.1505537,
              38.473975
            ],
            [
              29.1491667,
              38.4739038
            ],
            [
              29.1477797,
              38.473975
            ],
            [
              29.1464164,
              38.4741873
            ],
            [
              29.1451002,
              38.474537
            ],
            [
              29.1438535,
              38.4750183
            ],
            [
              29.1426978,
              38.4756228
            ],
            [
              29.1416527,
              38.4763402
            ],
            [
              29.1407362,
              38.4771583
            ],
            [
              29.139964,
              38.478063
            ],
            [
              29.1393492,
              38.4790389
            ],
            [
              29.1389024,
              38.4800692
            ],
            [
              29.1386312,
              38.4811364
            ],
            [
              29.1385403,
              38.4822222
            ],
            [
              29.1386312,
              38.483308
            ],
            [
              29.1389024,
              38.4843752
            ],
            [
              29.1393492,
              38.4854055
            ],
            [
              29.139964,
              38.4863814
            ],
            [
              29.1407362,
              38.4872861
            ],
            [
              29.1416527,
              38.4881042
            ],
            [
              29.1426978,
              38.4888216
            ],
            [
              29.1438535,
              38.4894261
            ],
            [
              29.1451002,
              38.4899074
            ],
            [
              29.1464164,
              38.4902571
            ],
            [
              29.1477797,
              38.4904694
            ],
            [
              29.1491667,
              38.4905406
            ]
          ]
        ]
      }
    },
    {
      "type": "Feature",
      "properties": {
        "zone_code": "LTD3",
        "zone_name": "Balikesir",
        "zone_type": "DANGER",
        "lower_limit": "SFC",
        "upper_limit": "10000 FT AMSL",
        "effective_from": null,
        "effective_to": null,
        "is_active": true,
        "source_note": "DHM? AIP ENR 5.1 (LT_ENR_5_1_en.PDF, AIRAC AMDT 03/25-06/25)"
      },
      "geometry": {
        "type": "Polygon",
        "coordinates": [
          [
            [
              27.9666667,
              39.65
            ],
            [
              27.9833333,
              39.65
            ],
            [
              28.0,
              39.6666667
            ],
            [
              27.9666667,
              39.6666667
            ],
            [
              27.9666667,
              39.65
            ]
          ]
        ]
      }
    },
    {
      "type": "Feature",
      "properties": {
        "zone_code": "LTD4",
        "zone_name": "Bandirma",
        "zone_type": "DANGER",
        "lower_limit": "SFC",
        "upper_limit": "24000 FT AMSL",
        "effective_from": null,
        "effective_to": null,
        "is_active": true,
        "source_note": "DHM? AIP ENR 5.1 (LT_ENR_5_1_en.PDF, AIRAC AMDT 03/25-06/25)"
      },
      "geometry": {
        "type": "Polygon",
        "coordinates": [
          [
            [
              27.9833333,
              40.15
            ],
            [
              27.9833333,
              40.1333333
            ],
            [
              27.9666667,
              40.1333333
            ],
            [
              27.9666667,
              40.15
            ],
            [
              27.9833333,
              40.15
            ]
          ]
        ]
      }
    },
    {
      "type": "Feature",
      "properties": {
        "zone_code": "LTD5",
        "zone_name": "Marmara Denizi",
        "zone_type": "DANGER",
        "lower_limit": "MSL",
        "upper_limit": "7500 FT AMSL",
        "effective_from": null,
        "effective_to": null,
        "is_active": true,
        "source_note": "DHM? AIP ENR 5.1 (LT_ENR_5_1_en.PDF, AIRAC AMDT 03/25-06/25)"
      },
      "geometry": {
        "type": "Polygon",
        "coordinates": [
          [
            [
              28.65,
              40.4166667
            ],
            [
              28.6666667,
              40.475
            ],
            [
              28.5166667,
              40.4916667
            ],
            [
              28.1166667,
              40.6333333
            ],
            [
              28.0166667,
              40.5333333
            ],
            [
              28.2666667,
              40.4333333
            ],
            [
              28.65,
              40.4166667
            ]
          ]
        ]
      }
    },
    {
      "type": "Feature",
      "properties": {
        "zone_code": "LTD6",
        "zone_name": "Karadeniz",
        "zone_type": "DANGER",
        "lower_limit": "MSL",
        "upper_limit": "FL140",
        "effective_from": null,
        "effective_to": null,
        "is_active": true,
        "source_note": "DHM? AIP ENR 5.1 (LT_ENR_5_1_en.PDF, AIRAC AMDT 03/25-06/25)"
      },
      "geometry": {
        "type": "Polygon",
        "coordinates": [
          [
            [
              31.3,
              41.4166667
            ],
            [
              31.3,
              41.25
            ],
            [
              30.6,
              41.25
            ],
            [
              30.6,
              41.3166667
            ],
            [
              31.0833333,
              41.4166667
            ],
            [
              31.3,
              41.4166667
            ]
          ]
        ]
      }
    },
    {
      "type": "Feature",
      "properties": {
        "zone_code": "LTD7",
        "zone_name": "Eskisehir",
        "zone_type": "DANGER",
        "lower_limit": "SFC",
        "upper_limit": "FL250",
        "effective_from": null,
        "effective_to": null,
        "is_active": true,
        "source_note": "DHM? AIP ENR 5.1 (LT_ENR_5_1_en.PDF, AIRAC AMDT 03/25-06/25)"
      },
      "geometry": {
        "type": "Polygon",
        "coordinates": [
          [
            [
              30.9833333,
              39.85
            ],
            [
              30.9833333,
              39.8333333
            ],
            [
              30.95,
              39.8333333
            ],
            [
              30.95,
              39.85
            ],
            [
              30.9833333,
              39.85
            ]
          ]
        ]
      }
    },
    {
      "type": "Feature",
      "properties": {
        "zone_code": "LTD8",
        "zone_name": "Manavgat",
        "zone_type": "DANGER",
        "lower_limit": "MSL",
        "upper_limit": "30000 FT AMSL",
        "effective_from": null,
        "effective_to": null,
        "is_active": true,
        "source_note": "DHM? AIP ENR 5.1 (LT_ENR_5_1_en.PDF, AIRAC AMDT 03/25-06/25)"
      },
      "geometry": {
        "type": "Polygon",
        "coordinates": [
          [
            [
              31.15,
              36.75
            ],
            [
              32.0,
              36.5
            ],
            [
              32.0,
              36.3833333
            ],
            [
              31.15,
              36.6333333
            ],
            [
              31.15,
              36.75
            ]
          ]
        ]
      }
    },
    {
      "type": "Feature",
      "properties": {
        "zone_code": "LTD9",
        "zone_name": "Konya",
        "zone_type": "DANGER",
        "lower_limit": "SFC",
        "upper_limit": "FL120",
        "effective_from": null,
        "effective_to": null,
        "is_active": true,
        "source_note": "DHM? AIP ENR 5.1 (LT_ENR_5_1_en.PDF, AIRAC AMDT 03/25-06/25)"
      },
      "geometry": {
        "type": "Polygon",
        "coordinates": [
          [
            [
              32.6427778,
              37.9413889
            ],
            [
              32.68,
              37.9413889
            ],
            [
              32.68,
              37.8833333
            ],
            [
              32.6427778,
              37.8833333
            ],
            [
              32.6427778,
              37.9413889
            ]
          ]
        ]
      }
    },
    {
      "type": "Feature",
      "properties": {
        "zone_code": "LTD10",
        "zone_name": "Polatli",
        "zone_type": "DANGER",
        "lower_limit": "SFC",
        "upper_limit": "UNL",
        "effective_from": null,
        "effective_to": null,
        "is_active": true,
        "source_note": "DHM? AIP ENR 5.1 (LT_ENR_5_1_en.PDF, AIRAC AMDT 03/25-06/25)"
      },
      "geometry": {
        "type": "Polygon",
        "coordinates": [
          [
            [
              31.8044444,
              39.6038889
            ],
            [
              31.9963889,
              39.5872222
            ],
            [
              31.9958333,
              39.4455556
            ],
            [
              31.8258333,
              39.4458333
            ],
            [
              31.8044444,
              39.6038889
            ]
          ]
        ]
      }
    },
    {
      "type": "Feature",
      "properties": {
        "zone_code": "LTD11",
        "zone_name": "Izmir/Aliaga",
        "zone_type": "DANGER",
        "lower_limit": "MSL",
        "upper_limit": "3000 FT AMSL",
        "effective_from": null,
        "effective_to": null,
        "is_active": true,
        "source_note": "DHM? AIP ENR 5.1 (LT_ENR_5_1_en.PDF, AIRAC AMDT 03/25-06/25)"
      },
      "geometry": {
        "type": "Polygon",
        "coordinates": [
          [
            [
              26.8916667,
              38.8
            ],
            [
              26.9338889,
              38.8211111
            ],
            [
              26.9338889,
              38.8394444
            ],
            [
              26.9527778,
              38.8402778
            ],
            [
              26.9619444,
              38.8211111
            ],
            [
              26.9416667,
              38.7666667
            ],
            [
              26.925,
              38.7833333
            ],
            [
              26.8916667,
              38.8
            ]
          ]
        ]
      }
    },
    {
      "type": "Feature",
      "properties": {
        "zone_code": "LTD12",
        "zone_name": "Merzifon",
        "zone_type": "DANGER",
        "lower_limit": "SFC",
        "upper_limit": "FL270",
        "effective_from": null,
        "effective_to": null,
        "is_active": true,
        "source_note": "DHM? AIP ENR 5.1 (LT_ENR_5_1_en.PDF, AIRAC AMDT 03/25-06/25)"
      },
      "geometry": {
        "type": "Polygon",
        "coordinates": [
          [
            [
              35.5325,
              40.8261111
            ],
            [
              35.5336111,
              40.825
            ],
            [
              35.5327778,
              40.8238889
            ],
            [
              35.5447222,
              40.8177778
            ],
            [
              35.55,
              40.8325
            ],
            [
              35.54,
              40.8352778
            ],
            [
              35.5388889,
              40.8294444
            ],
            [
              35.5325,
              40.8261111
            ]
          ]
        ]
      }
    },
    {
      "type": "Feature",
      "properties": {
        "zone_code": "LTD13",
        "zone_name": "Adana",
        "zone_type": "DANGER",
        "lower_limit": "MSL",
        "upper_limit": "35000 FT AMSL",
        "effective_from": null,
        "effective_to": null,
        "is_active": true,
        "source_note": "DHM? AIP ENR 5.1 (LT_ENR_5_1_en.PDF, AIRAC AMDT 03/25-06/25)"
      },
      "geometry": {
        "type": "Polygon",
        "coordinates": [
          [
            [
              35.4833333,
              36.4333333
            ],
            [
              35.4,
              36.2833333
            ],
            [
              34.7,
              36.5333333
            ],
            [
              34.8666667,
              36.6666667
            ],
            [
              35.4833333,
              36.4333333
            ]
          ]
        ]
      }
    },
    {
      "type": "Feature",
      "properties": {
        "zone_code": "LTD14",
        "zone_name": "Malatya",
        "zone_type": "DANGER",
        "lower_limit": "SFC",
        "upper_limit": "FL250",
        "effective_from": null,
        "effective_to": null,
        "is_active": true,
        "source_note": "DHM? AIP ENR 5.1 (LT_ENR_5_1_en.PDF, AIRAC AMDT 03/25-06/25)"
      },
      "geometry": {
        "type": "Polygon",
        "coordinates": [
          [
            [
              38.3736111,
              38.5054956
            ],
            [
              38.3791584,
              38.505211
            ],
            [
              38.3846108,
              38.5043619
            ],
            [
              38.389875,
              38.5029629
            ],
            [
              38.394861,
              38.5010378
            ],
            [
              38.3994833,
              38.4986198
            ],
            [
              38.4036629,
              38.4957501
            ],
            [
              38.4073284,
              38.4924778
            ],
            [
              38.4104169,
              38.4888589
            ],
            [
              38.4128757,
              38.4849554
            ],
            [
              38.4146627,
              38.480834
            ],
            [
              38.4157472,
              38.4765653
            ],
            [
              38.4161108,
              38.4722222
            ],
            [
              38.4157472,
              38.4678791
            ],
            [
              38.4146627,
              38.4636104
            ],
            [
              38.4128757,
              38.459489
            ],
            [
              38.4104169,
              38.4555855
            ],
            [
              38.4073284,
              38.4519666
            ],
            [
              38.4036629,
              38.4486943
            ],
            [
              38.3994833,
              38.4458246
            ],
            [
              38.394861,
              38.4434066
            ],
            [
              38.389875,
              38.4414815
            ],
            [
              38.3846108,
              38.4400825
            ],
            [
              38.3791584,
              38.4392334
            ],
            [
              38.3736111,
              38.4389488
            ],
            [
              38.3680638,
              38.4392334
            ],
            [
              38.3626114,
              38.4400825
            ],
            [
              38.3573472,
              38.4414815
            ],
            [
              38.3523612,
              38.4434066
            ],
            [
              38.3477389,
              38.4458246
            ],
            [
              38.3435593,
              38.4486943
            ],
            [
              38.3398938,
              38.4519666
            ],
            [
              38.3368053,
              38.4555855
            ],
            [
              38.3343465,
              38.459489
            ],
            [
              38.3325595,
              38.4636104
            ],
            [
              38.331475,
              38.4678791
            ],
            [
              38.3311114,
              38.4722222
            ],
            [
              38.331475,
              38.4765653
            ],
            [
              38.3325595,
              38.480834
            ],
            [
              38.3343465,
              38.4849554
            ],
            [
              38.3368053,
              38.4888589
            ],
            [
              38.3398938,
              38.4924778
            ],
            [
              38.3435593,
              38.4957501
            ],
            [
              38.3477389,
              38.4986198
            ],
            [
              38.3523612,
              38.5010378
            ],
            [
              38.3573472,
              38.5029629
            ],
            [
              38.3626114,
              38.5043619
            ],
            [
              38.3680638,
              38.505211
            ],
            [
              38.3736111,
              38.5054956
            ]
          ]
        ]
      }
    },
    {
      "type": "Feature",
      "properties": {
        "zone_code": "LTD17",
        "zone_name": "Karadeniz II",
        "zone_type": "DANGER",
        "lower_limit": "MSL",
        "upper_limit": "27000 FT AMSL",
        "effective_from": null,
        "effective_to": null,
        "is_active": true,
        "source_note": "DHM? AIP ENR 5.1 (LT_ENR_5_1_en.PDF, AIRAC AMDT 03/25-06/25)"
      },
      "geometry": {
        "type": "Polygon",
        "coordinates": [
          [
            [
              35.25,
              41.9333333
            ],
            [
              35.8333333,
              41.7166667
            ],
            [
              35.8666667,
              41.7833333
            ],
            [
              35.3,
              41.9833333
            ],
            [
              35.25,
              41.9333333
            ]
          ]
        ]
      }
    },
    {
      "type": "Feature",
      "properties": {
        "zone_code": "LTD18",
        "zone_name": "Konya/Karapinar",
        "zone_type": "DANGER",
        "lower_limit": "SFC",
        "upper_limit": "33000 FT AMSL",
        "effective_from": null,
        "effective_to": null,
        "is_active": true,
        "source_note": "DHM? AIP ENR 5.1 (LT_ENR_5_1_en.PDF, AIRAC AMDT 03/25-06/25)"
      },
      "geometry": {
        "type": "Polygon",
        "coordinates": [
          [
            [
              33.4416667,
              37.6280556
            ],
            [
              33.4416667,
              37.5822222
            ],
            [
              33.7113889,
              37.5641667
            ],
            [
              33.6869444,
              37.4944444
            ],
            [
              33.8247222,
              37.4872222
            ],
            [
              33.825,
              37.6113889
            ],
            [
              33.4416667,
              37.6280556
            ]
          ]
        ]
      }
    },
    {
      "type": "Feature",
      "properties": {
        "zone_code": "LTD19",
        "zone_name": "Adana/Yumurtalik",
        "zone_type": "DANGER",
        "lower_limit": "MSL",
        "upper_limit": "UNL",
        "effective_from": null,
        "effective_to": null,
        "is_active": true,
        "source_note": "DHM? AIP ENR 5.1 (LT_ENR_5_1_en.PDF, AIRAC AMDT 03/25-06/25)"
      },
      "geometry": {
        "type": "Polygon",
        "coordinates": [
          [
            [
              35.75,
              36.8333333
            ],
            [
              35.75,
              36.9166667
            ],
            [
              36.0,
              36.9166667
            ],
            [
              36.0,
              36.8333333
            ],
            [
              35.75,
              36.8333333
            ]
          ]
        ]
      }
    },
    {
      "type": "Feature",
      "properties": {
        "zone_code": "LTD20",
        "zone_name": "Ankara/Murted",
        "zone_type": "DANGER",
        "lower_limit": "SFC",
        "upper_limit": "12000 FT AMSL",
        "effective_from": null,
        "effective_to": null,
        "is_active": true,
        "source_note": "DHM? AIP ENR 5.1 (LT_ENR_5_1_en.PDF, AIRAC AMDT 03/25-06/25); geometry approximated from centered-radius definition"
      },
      "geometry": {
        "type": "Polygon",
        "coordinates": [
          [
            [
              32.5666667,
              40.1665169
            ],
            [
              32.5808577,
              40.1658053
            ],
            [
              32.5948058,
              40.1636825
            ],
            [
              32.6082725,
              40.1601849
            ],
            [
              32.6210273,
              40.1553724
            ],
            [
              32.632852,
              40.1493273
            ],
            [
              32.6435443,
              40.142153
            ],
            [
              32.6529211,
              40.1339723
            ],
            [
              32.6608221,
              40.1249251
            ],
            [
              32.6671121,
              40.1151663
            ],
            [
              32.6716834,
              40.1048628
            ],
            [
              32.6744579,
              40.0941909
            ],
            [
              32.675388,
              40.0833333
            ],
            [
              32.6744579,
              40.0724757
            ],
            [
              32.6716834,
              40.0618038
            ],
            [
              32.6671121,
              40.0515003
            ],
            [
              32.6608221,
              40.0417415
            ],
            [
              32.6529211,
              40.0326943
            ],
            [
              32.6435443,
              40.0245136
            ],
            [
              32.632852,
              40.0173393
            ],
            [
              32.6210273,
              40.0112942
            ],
            [
              32.6082725,
              40.0064817
            ],
            [
              32.5948058,
              40.0029841
            ],
            [
              32.5808577,
              40.0008613
            ],
            [
              32.5666667,
              40.0001497
            ],
            [
              32.5524757,
              40.0008613
            ],
            [
              32.5385276,
              40.0029841
            ],
            [
              32.5250609,
              40.0064817
            ],
            [
              32.5123061,
              40.0112942
            ],
            [
              32.5004814,
              40.0173393
            ],
            [
              32.4897891,
              40.0245136
            ],
            [
              32.4804123,
              40.0326943
            ],
            [
              32.4725113,
              40.0417415
            ],
            [
              32.4662213,
              40.0515003
            ],
            [
              32.46165,
              40.0618038
            ],
            [
              32.4588755,
              40.0724757
            ],
            [
              32.4579454,
              40.0833333
            ],
            [
              32.4588755,
              40.0941909
            ],
            [
              32.46165,
              40.1048628
            ],
            [
              32.4662213,
              40.1151663
            ],
            [
              32.4725113,
              40.1249251
            ],
            [
              32.4804123,
              40.1339723
            ],
            [
              32.4897891,
              40.142153
            ],
            [
              32.5004814,
              40.1493273
            ],
            [
              32.5123061,
              40.1553724
            ],
            [
              32.5250609,
              40.1601849
            ],
            [
              32.5385276,
              40.1636825
            ],
            [
              32.5524757,
              40.1658053
            ],
            [
              32.5666667,
              40.1665169
            ]
          ]
        ]
      }
    },
    {
      "type": "Feature",
      "properties": {
        "zone_code": "LTD21",
        "zone_name": "Kirikkale",
        "zone_type": "DANGER",
        "lower_limit": "SFC",
        "upper_limit": "5000 FT AMSL",
        "effective_from": null,
        "effective_to": null,
        "is_active": true,
        "source_note": "DHM? AIP ENR 5.1 (LT_ENR_5_1_en.PDF, AIRAC AMDT 03/25-06/25)"
      },
      "geometry": {
        "type": "Polygon",
        "coordinates": [
          [
            [
              33.5,
              39.8749251
            ],
            [
              33.5070696,
              39.8745693
            ],
            [
              33.5140182,
              39.8735079
            ],
            [
              33.520727,
              39.8717591
            ],
            [
              33.5270811,
              39.8693529
            ],
            [
              33.5329719,
              39.8663303
            ],
            [
              33.5382985,
              39.8627431
            ],
            [
              33.5429698,
              39.8586528
            ],
            [
              33.5469059,
              39.8541292
            ],
            [
              33.5500394,
              39.8492498
            ],
            [
              33.5523167,
              39.8440981
            ],
            [
              33.5536989,
              39.8387621
            ],
            [
              33.5541623,
              39.8333333
            ],
            [
              33.5536989,
              39.8279045
            ],
            [
              33.5523167,
              39.8225685
            ],
            [
              33.5500394,
              39.8174168
            ],
            [
              33.5469059,
              39.8125374
            ],
            [
              33.5429698,
              39.8080138
            ],
            [
              33.5382985,
              39.8039235
            ],
            [
              33.5329719,
              39.8003363
            ],
            [
              33.5270811,
              39.7973137
            ],
            [
              33.520727,
              39.7949075
            ],
            [
              33.5140182,
              39.7931587
            ],
            [
              33.5070696,
              39.7920973
            ],
            [
              33.5,
              39.7917415
            ],
            [
              33.4929304,
              39.7920973
            ],
            [
              33.4859818,
              39.7931587
            ],
            [
              33.479273,
              39.7949075
            ],
            [
              33.4729189,
              39.7973137
            ],
            [
              33.4670281,
              39.8003363
            ],
            [
              33.4617015,
              39.8039235
            ],
            [
              33.4570302,
              39.8080138
            ],
            [
              33.4530941,
              39.8125374
            ],
            [
              33.4499606,
              39.8174168
            ],
            [
              33.4476833,
              39.8225685
            ],
            [
              33.4463011,
              39.8279045
            ],
            [
              33.4458377,
              39.8333333
            ],
            [
              33.4463011,
              39.8387621
            ],
            [
              33.4476833,
              39.8440981
            ],
            [
              33.4499606,
              39.8492498
            ],
            [
              33.4530941,
              39.8541292
            ],
            [
              33.4570302,
              39.8586528
            ],
            [
              33.4617015,
              39.8627431
            ],
            [
              33.4670281,
              39.8663303
            ],
            [
              33.4729189,
              39.8693529
            ],
            [
              33.479273,
              39.8717591
            ],
            [
              33.4859818,
              39.8735079
            ],
            [
              33.4929304,
              39.8745693
            ],
            [
              33.5,
              39.8749251
            ]
          ]
        ]
      }
    },
    {
      "type": "Feature",
      "properties": {
        "zone_code": "LTD22",
        "zone_name": "Ankara/Elmadag",
        "zone_type": "DANGER",
        "lower_limit": "SFC",
        "upper_limit": "6000 FT AMSL",
        "effective_from": null,
        "effective_to": null,
        "is_active": true,
        "source_note": "DHM? AIP ENR 5.1 (LT_ENR_5_1_en.PDF, AIRAC AMDT 03/25-06/25)"
      },
      "geometry": {
        "type": "Polygon",
        "coordinates": [
          [
            [
              33.2333333,
              39.9582585
            ],
            [
              33.2404115,
              39.9579027
            ],
            [
              33.2473686,
              39.9568413
            ],
            [
              33.2540855,
              39.9550925
            ],
            [
              33.2604474,
              39.9526863
            ],
            [
              33.2663453,
              39.9496637
            ],
            [
              33.2716784,
              39.9460765
            ],
            [
              33.2763554,
              39.9419862
            ],
            [
              33.2802962,
              39.9374626
            ],
            [
              33.2834336,
              39.9325832
            ],
            [
              33.2857136,
              39.9274315
            ],
            [
              33.2870975,
              39.9220955
            ],
            [
              33.2875614,
              39.9166667
            ],
            [
              33.2870975,
              39.9112379
            ],
            [
              33.2857136,
              39.9059019
            ],
            [
              33.2834336,
              39.9007502
            ],
            [
              33.2802962,
              39.8958708
            ],
            [
              33.2763554,
              39.8913472
            ],
            [
              33.2716784,
              39.8872569
            ],
            [
              33.2663453,
              39.8836697
            ],
            [
              33.2604474,
              39.8806471
            ],
            [
              33.2540855,
              39.8782409
            ],
            [
              33.2473686,
              39.8764921
            ],
            [
              33.2404115,
              39.8754307
            ],
            [
              33.2333333,
              39.8750749
            ],
            [
              33.2262551,
              39.8754307
            ],
            [
              33.219298,
              39.8764921
            ],
            [
              33.2125811,
              39.8782409
            ],
            [
              33.2062192,
              39.8806471
            ],
            [
              33.2003213,
              39.8836697
            ],
            [
              33.1949882,
              39.8872569
            ],
            [
              33.1903112,
              39.8913472
            ],
            [
              33.1863704,
              39.8958708
            ],
            [
              33.183233,
              39.9007502
            ],
            [
              33.180953,
              39.9059019
            ],
            [
              33.1795691,
              39.9112379
            ],
            [
              33.1791052,
              39.9166667
            ],
            [
              33.1795691,
              39.9220955
            ],
            [
              33.180953,
              39.9274315
            ],
            [
              33.183233,
              39.9325832
            ],
            [
              33.1863704,
              39.9374626
            ],
            [
              33.1903112,
              39.9419862
            ],
            [
              33.1949882,
              39.9460765
            ],
            [
              33.2003213,
              39.9496637
            ],
            [
              33.2062192,
              39.9526863
            ],
            [
              33.2125811,
              39.9550925
            ],
            [
              33.219298,
              39.9568413
            ],
            [
              33.2262551,
              39.9579027
            ],
            [
              33.2333333,
              39.9582585
            ]
          ]
        ]
      }
    },
    {
      "type": "Feature",
      "properties": {
        "zone_code": "LTD23",
        "zone_name": "Ankara/Kayas",
        "zone_type": "DANGER",
        "lower_limit": "SFC",
        "upper_limit": "6000 FT AMSL",
        "effective_from": null,
        "effective_to": null,
        "is_active": true,
        "source_note": "DHM? AIP ENR 5.1 (LT_ENR_5_1_en.PDF, AIRAC AMDT 03/25-06/25)"
      },
      "geometry": {
        "type": "Polygon",
        "coordinates": [
          [
            [
              32.9777778,
              39.9291667
            ],
            [
              32.9802778,
              39.9275
            ],
            [
              32.9808333,
              39.9172222
            ],
            [
              32.9744444,
              39.9247222
            ],
            [
              32.9736111,
              39.9308333
            ],
            [
              32.9777778,
              39.9291667
            ]
          ]
        ]
      }
    },
    {
      "type": "Feature",
      "properties": {
        "zone_code": "LTD24",
        "zone_name": "Ankara/Fiseksan",
        "zone_type": "DANGER",
        "lower_limit": "SFC",
        "upper_limit": "5000 FT AMSL",
        "effective_from": null,
        "effective_to": null,
        "is_active": true,
        "source_note": "DHM? AIP ENR 5.1 (LT_ENR_5_1_en.PDF, AIRAC AMDT 03/25-06/25)"
      },
      "geometry": {
        "type": "Polygon",
        "coordinates": [
          [
            [
              32.7833333,
              39.9749251
            ],
            [
              32.7904132,
              39.9745693
            ],
            [
              32.797372,
              39.9735079
            ],
            [
              32.8040906,
              39.9717591
            ],
            [
              32.810454,
              39.9693529
            ],
            [
              32.8163533,
              39.9663303
            ],
            [
              32.8216877,
              39.9627431
            ],
            [
              32.8263658,
              39.9586528
            ],
            [
              32.8303077,
              39.9541292
            ],
            [
              32.8334458,
              39.9492498
            ],
            [
              32.8357264,
              39.9440981
            ],
            [
              32.8371106,
              39.9387621
            ],
            [
              32.8375746,
              39.9333333
            ],
            [
              32.8371106,
              39.9279045
            ],
            [
              32.8357264,
              39.9225685
            ],
            [
              32.8334458,
              39.9174168
            ],
            [
              32.8303077,
              39.9125374
            ],
            [
              32.8263658,
              39.9080138
            ],
            [
              32.8216877,
              39.9039235
            ],
            [
              32.8163533,
              39.9003363
            ],
            [
              32.810454,
              39.8973137
            ],
            [
              32.8040906,
              39.8949075
            ],
            [
              32.797372,
              39.8931587
            ],
            [
              32.7904132,
              39.8920973
            ],
            [
              32.7833333,
              39.8917415
            ],
            [
              32.7762534,
              39.8920973
            ],
            [
              32.7692946,
              39.8931587
            ],
            [
              32.762576,
              39.8949075
            ],
            [
              32.7562126,
              39.8973137
            ],
            [
              32.7503133,
              39.9003363
            ],
            [
              32.7449789,
              39.9039235
            ],
            [
              32.7403008,
              39.9080138
            ],
            [
              32.7363589,
              39.9125374
            ],
            [
              32.7332208,
              39.9174168
            ],
            [
              32.7309402,
              39.9225685
            ],
            [
              32.729556,
              39.9279045
            ],
            [
              32.729092,
              39.9333333
            ],
            [
              32.729556,
              39.9387621
            ],
            [
              32.7309402,
              39.9440981
            ],
            [
              32.7332208,
              39.9492498
            ],
            [
              32.7363589,
              39.9541292
            ],
            [
              32.7403008,
              39.9586528
            ],
            [
              32.7449789,
              39.9627431
            ],
            [
              32.7503133,
              39.9663303
            ],
            [
              32.7562126,
              39.9693529
            ],
            [
              32.762576,
              39.9717591
            ],
            [
              32.7692946,
              39.9735079
            ],
            [
              32.7762534,
              39.9745693
            ],
            [
              32.7833333,
              39.9749251
            ]
          ]
        ]
      }
    },
    {
      "type": "Feature",
      "properties": {
        "zone_code": "LTD25",
        "zone_name": "Batman",
        "zone_type": "DANGER",
        "lower_limit": "SFC",
        "upper_limit": "5000 FT AMSL",
        "effective_from": null,
        "effective_to": null,
        "is_active": true,
        "source_note": "DHM? AIP ENR 5.1 (LT_ENR_5_1_en.PDF, AIRAC AMDT 03/25-06/25)"
      },
      "geometry": {
        "type": "Polygon",
        "coordinates": [
          [
            [
              41.1305556,
              37.8825
            ],
            [
              41.1386111,
              37.8863889
            ],
            [
              41.145,
              37.8705556
            ],
            [
              41.1375,
              37.8722222
            ],
            [
              41.1305556,
              37.8825
            ]
          ]
        ]
      }
    },
    {
      "type": "Feature",
      "properties": {
        "zone_code": "LTD26",
        "zone_name": "Duzce/Akcakoca",
        "zone_type": "DANGER",
        "lower_limit": "SFC",
        "upper_limit": "3500 FT AMSL",
        "effective_from": null,
        "effective_to": null,
        "is_active": true,
        "source_note": "DHM? AIP ENR 5.1 (LT_ENR_5_1_en.PDF, AIRAC AMDT 03/25-06/25)"
      },
      "geometry": {
        "type": "Polygon",
        "coordinates": [
          [
            [
              31.1697222,
              41.2079358
            ],
            [
              31.1812562,
              41.2073665
            ],
            [
              31.1925928,
              41.2056683
            ],
            [
              31.2035381,
              41.2028702
            ],
            [
              31.2139049,
              41.1990202
            ],
            [
              31.2235156,
              41.1941841
            ],
            [
              31.2322059,
              41.1884447
            ],
            [
              31.2398271,
              41.1819001
            ],
            [
              31.2462488,
              41.1746623
            ],
            [
              31.2513611,
              41.1668553
            ],
            [
              31.2550765,
              41.1586125
            ],
            [
              31.2573315,
              41.150075
            ],
            [
              31.2580875,
              41.1413889
            ],
            [
              31.2573315,
              41.1327028
            ],
            [
              31.2550765,
              41.1241653
            ],
            [
              31.2513611,
              41.1159225
            ],
            [
              31.2462488,
              41.1081155
            ],
            [
              31.2398271,
              41.1008777
            ],
            [
              31.2322059,
              41.0943331
            ],
            [
              31.2235156,
              41.0885937
            ],
            [
              31.2139049,
              41.0837576
            ],
            [
              31.2035381,
              41.0799076
            ],
            [
              31.1925928,
              41.0771095
            ],
            [
              31.1812562,
              41.0754113
            ],
            [
              31.1697222,
              41.074842
            ],
            [
              31.1581882,
              41.0754113
            ],
            [
              31.1468516,
              41.0771095
            ],
            [
              31.1359063,
              41.0799076
            ],
            [
              31.1255395,
              41.0837576
            ],
            [
              31.1159288,
              41.0885937
            ],
            [
              31.1072385,
              41.0943331
            ],
            [
              31.0996173,
              41.1008777
            ],
            [
              31.0931956,
              41.1081155
            ],
            [
              31.0880833,
              41.1159225
            ],
            [
              31.0843679,
              41.1241653
            ],
            [
              31.0821129,
              41.1327028
            ],
            [
              31.0813569,
              41.1413889
            ],
            [
              31.0821129,
              41.150075
            ],
            [
              31.0843679,
              41.1586125
            ],
            [
              31.0880833,
              41.1668553
            ],
            [
              31.0931956,
              41.1746623
            ],
            [
              31.0996173,
              41.1819001
            ],
            [
              31.1072385,
              41.1884447
            ],
            [
              31.1159288,
              41.1941841
            ],
            [
              31.1255395,
              41.1990202
            ],
            [
              31.1359063,
              41.2028702
            ],
            [
              31.1468516,
              41.2056683
            ],
            [
              31.1581882,
              41.2073665
            ],
            [
              31.1697222,
              41.2079358
            ]
          ]
        ]
      }
    },
    {
      "type": "Feature",
      "properties": {
        "zone_code": "LTD27",
        "zone_name": "Ankara/Lalahan",
        "zone_type": "DANGER",
        "lower_limit": "SFC",
        "upper_limit": "5000 FT AMSL",
        "effective_from": null,
        "effective_to": null,
        "is_active": true,
        "source_note": "DHM? AIP ENR 5.1 (LT_ENR_5_1_en.PDF, AIRAC AMDT 03/25-06/25)"
      },
      "geometry": {
        "type": "Polygon",
        "coordinates": [
          [
            [
              33.1105556,
              40.0019444
            ],
            [
              33.1161111,
              39.9944444
            ],
            [
              33.0925,
              39.9672222
            ],
            [
              33.0905556,
              39.9888889
            ],
            [
              33.1105556,
              40.0019444
            ]
          ]
        ]
      }
    },
    {
      "type": "Feature",
      "properties": {
        "zone_code": "LTD28",
        "zone_name": "Dilovasi",
        "zone_type": "DANGER",
        "lower_limit": "SFC",
        "upper_limit": "2500 FT AMSL",
        "effective_from": null,
        "effective_to": null,
        "is_active": true,
        "source_note": "DHM? AIP ENR 5.1 (LT_ENR_5_1_en.PDF, AIRAC AMDT 03/25-06/25)"
      },
      "geometry": {
        "type": "Polygon",
        "coordinates": [
          [
            [
              29.575,
              40.8238769
            ],
            [
              29.5761477,
              40.82382
            ],
            [
              29.5772759,
              40.8236501
            ],
            [
              29.578365,
              40.8233703
            ],
            [
              29.5793966,
              40.8229853
            ],
            [
              29.580353,
              40.8225017
            ],
            [
              29.5812177,
              40.8219278
            ],
            [
              29.5819761,
              40.8212733
            ],
            [
              29.5826151,
              40.8205495
            ],
            [
              29.5831239,
              40.8197688
            ],
            [
              29.5834936,
              40.8189446
            ],
            [
              29.583718,
              40.8180908
            ],
            [
              29.5837932,
              40.8172222
            ],
            [
              29.583718,
              40.8163536
            ],
            [
              29.5834936,
              40.8154998
            ],
            [
              29.5831239,
              40.8146756
            ],
            [
              29.5826151,
              40.8138949
            ],
            [
              29.5819761,
              40.8131711
            ],
            [
              29.5812177,
              40.8125166
            ],
            [
              29.580353,
              40.8119427
            ],
            [
              29.5793966,
              40.8114591
            ],
            [
              29.578365,
              40.8110741
            ],
            [
              29.5772759,
              40.8107943
            ],
            [
              29.5761477,
              40.8106244
            ],
            [
              29.575,
              40.8105675
            ],
            [
              29.5738523,
              40.8106244
            ],
            [
              29.5727241,
              40.8107943
            ],
            [
              29.571635,
              40.8110741
            ],
            [
              29.5706034,
              40.8114591
            ],
            [
              29.569647,
              40.8119427
            ],
            [
              29.5687823,
              40.8125166
            ],
            [
              29.5680239,
              40.8131711
            ],
            [
              29.5673849,
              40.8138949
            ],
            [
              29.5668761,
              40.8146756
            ],
            [
              29.5665064,
              40.8154998
            ],
            [
              29.566282,
              40.8163536
            ],
            [
              29.5662068,
              40.8172222
            ],
            [
              29.566282,
              40.8180908
            ],
            [
              29.5665064,
              40.8189446
            ],
            [
              29.5668761,
              40.8197688
            ],
            [
              29.5673849,
              40.8205495
            ],
            [
              29.5680239,
              40.8212733
            ],
            [
              29.5687823,
              40.8219278
            ],
            [
              29.569647,
              40.8225017
            ],
            [
              29.5706034,
              40.8229853
            ],
            [
              29.571635,
              40.8233703
            ],
            [
              29.5727241,
              40.8236501
            ],
            [
              29.5738523,
              40.82382
            ],
            [
              29.575,
              40.8238769
            ]
          ]
        ]
      }
    },
    {
      "type": "Feature",
      "properties": {
        "zone_code": "LTD29",
        "zone_name": "Eregli",
        "zone_type": "DANGER",
        "lower_limit": "SFC",
        "upper_limit": "4500 FT AMSL",
        "effective_from": null,
        "effective_to": null,
        "is_active": true,
        "source_note": "DHM? AIP ENR 5.1 (LT_ENR_5_1_en.PDF, AIRAC AMDT 03/25-06/25)"
      },
      "geometry": {
        "type": "Polygon",
        "coordinates": [
          [
            [
              31.4033333,
              41.2730556
            ],
            [
              31.4366667,
              41.2719444
            ],
            [
              31.4383333,
              41.2519444
            ],
            [
              31.4033333,
              41.2555556
            ],
            [
              31.4033333,
              41.2730556
            ]
          ]
        ]
      }
    },
    {
      "type": "Feature",
      "properties": {
        "zone_code": "LTD30",
        "zone_name": "Tersakan",
        "zone_type": "DANGER",
        "lower_limit": "SFC",
        "upper_limit": "12000 FT AMSL",
        "effective_from": null,
        "effective_to": null,
        "is_active": true,
        "source_note": "DHM? AIP ENR 5.1 (LT_ENR_5_1_en.PDF, AIRAC AMDT 03/25-06/25)"
      },
      "geometry": {
        "type": "Polygon",
        "coordinates": [
          [
            [
              33.0769444,
              38.4491667
            ],
            [
              33.0769444,
              38.4638889
            ],
            [
              33.15,
              38.4638889
            ],
            [
              33.15,
              38.4427778
            ],
            [
              33.1405556,
              38.43
            ],
            [
              33.0916667,
              38.4322222
            ],
            [
              33.0769444,
              38.4491667
            ]
          ]
        ]
      }
    },
    {
      "type": "Feature",
      "properties": {
        "zone_code": "LTD31",
        "zone_name": "Akhisar",
        "zone_type": "DANGER",
        "lower_limit": "SFC",
        "upper_limit": "8000 FT AMSL",
        "effective_from": null,
        "effective_to": null,
        "is_active": true,
        "source_note": "DHM? AIP ENR 5.1 (LT_ENR_5_1_en.PDF, AIRAC AMDT 03/25-06/25)"
      },
      "geometry": {
        "type": "Polygon",
        "coordinates": [
          [
            [
              27.825,
              38.8213889
            ],
            [
              27.8269444,
              38.8227778
            ],
            [
              27.8352778,
              38.8197222
            ],
            [
              27.83,
              38.8169444
            ],
            [
              27.825,
              38.8213889
            ]
          ]
        ]
      }
    },
    {
      "type": "Feature",
      "properties": {
        "zone_code": "LTD32",
        "zone_name": "Ankara/Ogulbey",
        "zone_type": "DANGER",
        "lower_limit": "SFC",
        "upper_limit": "5000 FT AMSL",
        "effective_from": null,
        "effective_to": null,
        "is_active": true,
        "source_note": "DHM? AIP ENR 5.1 (LT_ENR_5_1_en.PDF, AIRAC AMDT 03/25-06/25)"
      },
      "geometry": {
        "type": "Polygon",
        "coordinates": [
          [
            [
              32.8730556,
              39.7349551
            ],
            [
              32.8772898,
              39.7347416
            ],
            [
              32.8814515,
              39.7341048
            ],
            [
              32.8854695,
              39.7330555
            ],
            [
              32.8892752,
              39.7316117
            ],
            [
              32.8928033,
              39.7297982
            ],
            [
              32.8959936,
              39.7276459
            ],
            [
              32.8987913,
              39.7251917
            ],
            [
              32.9011488,
              39.7224775
            ],
            [
              32.9030255,
              39.7195499
            ],
            [
              32.9043895,
              39.7164589
            ],
            [
              32.9052173,
              39.7132573
            ],
            [
              32.9054948,
              39.71
            ],
            [
              32.9052173,
              39.7067427
            ],
            [
              32.9043895,
              39.7035411
            ],
            [
              32.9030255,
              39.7004501
            ],
            [
              32.9011488,
              39.6975225
            ],
            [
              32.8987913,
              39.6948083
            ],
            [
              32.8959936,
              39.6923541
            ],
            [
              32.8928033,
              39.6902018
            ],
            [
              32.8892752,
              39.6883883
            ],
            [
              32.8854695,
              39.6869445
            ],
            [
              32.8814515,
              39.6858952
            ],
            [
              32.8772898,
              39.6852584
            ],
            [
              32.8730556,
              39.6850449
            ],
            [
              32.8688214,
              39.6852584
            ],
            [
              32.8646597,
              39.6858952
            ],
            [
              32.8606417,
              39.6869445
            ],
            [
              32.856836,
              39.6883883
            ],
            [
              32.8533079,
              39.6902018
            ],
            [
              32.8501176,
              39.6923541
            ],
            [
              32.8473199,
              39.6948083
            ],
            [
              32.8449624,
              39.6975225
            ],
            [
              32.8430857,
              39.7004501
            ],
            [
              32.8417217,
              39.7035411
            ],
            [
              32.8408939,
              39.7067427
            ],
            [
              32.8406164,
              39.71
            ],
            [
              32.8408939,
              39.7132573
            ],
            [
              32.8417217,
              39.7164589
            ],
            [
              32.8430857,
              39.7195499
            ],
            [
              32.8449624,
              39.7224775
            ],
            [
              32.8473199,
              39.7251917
            ],
            [
              32.8501176,
              39.7276459
            ],
            [
              32.8533079,
              39.7297982
            ],
            [
              32.856836,
              39.7316117
            ],
            [
              32.8606417,
              39.7330555
            ],
            [
              32.8646597,
              39.7341048
            ],
            [
              32.8688214,
              39.7347416
            ],
            [
              32.8730556,
              39.7349551
            ]
          ]
        ]
      }
    },
    {
      "type": "Feature",
      "properties": {
        "zone_code": "LTD33",
        "zone_name": "Erzincan/Ilic",
        "zone_type": "DANGER",
        "lower_limit": "SFC",
        "upper_limit": "6000 FT AMSL",
        "effective_from": null,
        "effective_to": null,
        "is_active": true,
        "source_note": "DHM? AIP ENR 5.1 (LT_ENR_5_1_en.PDF, AIRAC AMDT 03/25-06/25)"
      },
      "geometry": {
        "type": "Polygon",
        "coordinates": [
          [
            [
              38.5377778,
              39.4405556
            ],
            [
              38.5455556,
              39.4241667
            ],
            [
              38.5188889,
              39.4194444
            ],
            [
              38.5275,
              39.4180556
            ],
            [
              38.5119444,
              39.4147222
            ],
            [
              38.5097222,
              39.4272222
            ],
            [
              38.5277778,
              39.4280556
            ],
            [
              38.5291667,
              39.4413889
            ],
            [
              38.5377778,
              39.4405556
            ]
          ]
        ]
      }
    },
    {
      "type": "Feature",
      "properties": {
        "zone_code": "LTD34",
        "zone_name": "Samsun/Carsamba",
        "zone_type": "DANGER",
        "lower_limit": "SFC",
        "upper_limit": "1000 FT AMSL",
        "effective_from": null,
        "effective_to": null,
        "is_active": true,
        "source_note": "DHM? AIP ENR 5.1 (LT_ENR_5_1_en.PDF, AIRAC AMDT 03/25-06/25)"
      },
      "geometry": {
        "type": "Polygon",
        "coordinates": [
          [
            [
              36.7083333,
              41.3608333
            ],
            [
              36.7125,
              41.3616667
            ],
            [
              36.7130556,
              41.3586111
            ],
            [
              36.7086111,
              41.3575
            ],
            [
              36.7083333,
              41.3608333
            ]
          ]
        ]
      }
    },
    {
      "type": "Feature",
      "properties": {
        "zone_code": "LTD35",
        "zone_name": "Kirikkale",
        "zone_type": "DANGER",
        "lower_limit": "SFC",
        "upper_limit": "5000 FT AMSL",
        "effective_from": null,
        "effective_to": null,
        "is_active": true,
        "source_note": "DHM? AIP ENR 5.1 (LT_ENR_5_1_en.PDF, AIRAC AMDT 03/25-06/25)"
      },
      "geometry": {
        "type": "Polygon",
        "coordinates": [
          [
            [
              33.4655556,
              39.7286111
            ],
            [
              33.4461111,
              39.7441667
            ],
            [
              33.4552778,
              39.7686111
            ],
            [
              33.4697222,
              39.7577778
            ],
            [
              33.4655556,
              39.7286111
            ]
          ]
        ]
      }
    },
    {
      "type": "Feature",
      "properties": {
        "zone_code": "LTD36",
        "zone_name": "Ankara Bestepe",
        "zone_type": "DANGER",
        "lower_limit": "SFC",
        "upper_limit": "FL225",
        "effective_from": null,
        "effective_to": null,
        "is_active": true,
        "source_note": "DHM? AIP ENR 5.1 (LT_ENR_5_1_en.PDF, AIRAC AMDT 03/25-06/25)"
      },
      "geometry": {
        "type": "Polygon",
        "coordinates": [
          [
            [
              32.8,
              39.9527388
            ],
            [
              32.8036814,
              39.9525538
            ],
            [
              32.8072999,
              39.9520019
            ],
            [
              32.8107934,
              39.9510925
            ],
            [
              32.8141023,
              39.9498413
            ],
            [
              32.8171699,
              39.9482695
            ],
            [
              32.8199436,
              39.9464042
            ],
            [
              32.8223762,
              39.9442772
            ],
            [
              32.8244259,
              39.941925
            ],
            [
              32.8260576,
              39.9393877
            ],
            [
              32.8272435,
              39.9367088
            ],
            [
              32.8279633,
              39.9339341
            ],
            [
              32.8282046,
              39.9311111
            ],
            [
              32.8279633,
              39.9282881
            ],
            [
              32.8272435,
              39.9255134
            ],
            [
              32.8260576,
              39.9228345
            ],
            [
              32.8244259,
              39.9202972
            ],
            [
              32.8223762,
              39.917945
            ],
            [
              32.8199436,
              39.915818
            ],
            [
              32.8171699,
              39.9139527
            ],
            [
              32.8141023,
              39.9123809
            ],
            [
              32.8107934,
              39.9111297
            ],
            [
              32.8072999,
              39.9102203
            ],
            [
              32.8036814,
              39.9096684
            ],
            [
              32.8,
              39.9094834
            ],
            [
              32.7963186,
              39.9096684
            ],
            [
              32.7927001,
              39.9102203
            ],
            [
              32.7892066,
              39.9111297
            ],
            [
              32.7858977,
              39.9123809
            ],
            [
              32.7828301,
              39.9139527
            ],
            [
              32.7800564,
              39.915818
            ],
            [
              32.7776238,
              39.917945
            ],
            [
              32.7755741,
              39.9202972
            ],
            [
              32.7739424,
              39.9228345
            ],
            [
              32.7727565,
              39.9255134
            ],
            [
              32.7720367,
              39.9282881
            ],
            [
              32.7717954,
              39.9311111
            ],
            [
              32.7720367,
              39.9339341
            ],
            [
              32.7727565,
              39.9367088
            ],
            [
              32.7739424,
              39.9393877
            ],
            [
              32.7755741,
              39.941925
            ],
            [
              32.7776238,
              39.9442772
            ],
            [
              32.7800564,
              39.9464042
            ],
            [
              32.7828301,
              39.9482695
            ],
            [
              32.7858977,
              39.9498413
            ],
            [
              32.7892066,
              39.9510925
            ],
            [
              32.7927001,
              39.9520019
            ],
            [
              32.7963186,
              39.9525538
            ],
            [
              32.8,
              39.9527388
            ]
          ]
        ]
      }
    },
    {
      "type": "Feature",
      "properties": {
        "zone_code": "LTD37",
        "zone_name": "Uskudar Kisikli",
        "zone_type": "DANGER",
        "lower_limit": "SFC",
        "upper_limit": "FL225",
        "effective_from": null,
        "effective_to": null,
        "is_active": true,
        "source_note": "DHM? AIP ENR 5.1 (LT_ENR_5_1_en.PDF, AIRAC AMDT 03/25-06/25)"
      },
      "geometry": {
        "type": "Polygon",
        "coordinates": [
          [
            [
              29.0566667,
              41.03997
            ],
            [
              29.059545,
              41.0398277
            ],
            [
              29.0623741,
              41.0394031
            ],
            [
              29.0651055,
              41.0387036
            ],
            [
              29.0676925,
              41.0377411
            ],
            [
              29.0700909,
              41.0365321
            ],
            [
              29.0722596,
              41.0350972
            ],
            [
              29.0741615,
              41.0334611
            ],
            [
              29.075764,
              41.0316517
            ],
            [
              29.0770398,
              41.0296999
            ],
            [
              29.077967,
              41.0276392
            ],
            [
              29.0785297,
              41.0255048
            ],
            [
              29.0787184,
              41.0233333
            ],
            [
              29.0785297,
              41.0211618
            ],
            [
              29.077967,
              41.0190274
            ],
            [
              29.0770398,
              41.0169667
            ],
            [
              29.075764,
              41.0150149
            ],
            [
              29.0741615,
              41.0132055
            ],
            [
              29.0722596,
              41.0115694
            ],
            [
              29.0700909,
              41.0101345
            ],
            [
              29.0676925,
              41.0089255
            ],
            [
              29.0651055,
              41.007963
            ],
            [
              29.0623741,
              41.0072635
            ],
            [
              29.059545,
              41.0068389
            ],
            [
              29.0566667,
              41.0066966
            ],
            [
              29.0537884,
              41.0068389
            ],
            [
              29.0509593,
              41.0072635
            ],
            [
              29.0482279,
              41.007963
            ],
            [
              29.0456409,
              41.0089255
            ],
            [
              29.0432425,
              41.0101345
            ],
            [
              29.0410738,
              41.0115694
            ],
            [
              29.0391719,
              41.0132055
            ],
            [
              29.0375694,
              41.0150149
            ],
            [
              29.0362936,
              41.0169667
            ],
            [
              29.0353664,
              41.0190274
            ],
            [
              29.0348037,
              41.0211618
            ],
            [
              29.034615,
              41.0233333
            ],
            [
              29.0348037,
              41.0255048
            ],
            [
              29.0353664,
              41.0276392
            ],
            [
              29.0362936,
              41.0296999
            ],
            [
              29.0375694,
              41.0316517
            ],
            [
              29.0391719,
              41.0334611
            ],
            [
              29.0410738,
              41.0350972
            ],
            [
              29.0432425,
              41.0365321
            ],
            [
              29.0456409,
              41.0377411
            ],
            [
              29.0482279,
              41.0387036
            ],
            [
              29.0509593,
              41.0394031
            ],
            [
              29.0537884,
              41.0398277
            ],
            [
              29.0566667,
              41.03997
            ]
          ]
        ]
      }
    },
    {
      "type": "Feature",
      "properties": {
        "zone_code": "LTD38",
        "zone_name": "Tarabya Huber",
        "zone_type": "DANGER",
        "lower_limit": "SFC",
        "upper_limit": "FL225",
        "effective_from": null,
        "effective_to": null,
        "is_active": true,
        "source_note": "DHM? AIP ENR 5.1 (LT_ENR_5_1_en.PDF, AIRAC AMDT 03/25-06/25)"
      },
      "geometry": {
        "type": "Polygon",
        "coordinates": [
          [
            [
              29.0611111,
              41.1183333
            ],
            [
              29.0747222,
              41.1247222
            ],
            [
              29.0611111,
              41.1375
            ],
            [
              29.0441667,
              41.1358333
            ],
            [
              29.0611111,
              41.1183333
            ]
          ]
        ]
      }
    },
    {
      "type": "Feature",
      "properties": {
        "zone_code": "LTD39",
        "zone_name": "Okluk Koyu",
        "zone_type": "DANGER",
        "lower_limit": "MSL",
        "upper_limit": "UNL",
        "effective_from": null,
        "effective_to": null,
        "is_active": true,
        "source_note": "DHM? AIP ENR 5.1 (LT_ENR_5_1_en.PDF, AIRAC AMDT 03/25-06/25)"
      },
      "geometry": {
        "type": "Polygon",
        "coordinates": [
          [
            [
              28.1761111,
              36.9665618
            ],
            [
              28.1856163,
              36.9660637
            ],
            [
              28.1949589,
              36.9645777
            ],
            [
              28.203979,
              36.9621294
            ],
            [
              28.2125223,
              36.9587607
            ],
            [
              28.2204425,
              36.9545291
            ],
            [
              28.2276043,
              36.9495071
            ],
            [
              28.2338849,
              36.9437806
            ],
            [
              28.2391771,
              36.9374476
            ],
            [
              28.2433901,
              36.9306164
            ],
            [
              28.2464521,
              36.923404
            ],
            [
              28.2483104,
              36.9159336
            ],
            [
              28.2489334,
              36.9083333
            ],
            [
              28.2483104,
              36.900733
            ],
            [
              28.2464521,
              36.8932626
            ],
            [
              28.2433901,
              36.8860502
            ],
            [
              28.2391771,
              36.879219
            ],
            [
              28.2338849,
              36.872886
            ],
            [
              28.2276043,
              36.8671595
            ],
            [
              28.2204425,
              36.8621375
            ],
            [
              28.2125223,
              36.8579059
            ],
            [
              28.203979,
              36.8545372
            ],
            [
              28.1949589,
              36.8520889
            ],
            [
              28.1856163,
              36.8506029
            ],
            [
              28.1761111,
              36.8501048
            ],
            [
              28.1666059,
              36.8506029
            ],
            [
              28.1572633,
              36.8520889
            ],
            [
              28.1482432,
              36.8545372
            ],
            [
              28.1396999,
              36.8579059
            ],
            [
              28.1317797,
              36.8621375
            ],
            [
              28.1246179,
              36.8671595
            ],
            [
              28.1183373,
              36.872886
            ],
            [
              28.1130451,
              36.879219
            ],
            [
              28.1088321,
              36.8860502
            ],
            [
              28.1057701,
              36.8932626
            ],
            [
              28.1039118,
              36.900733
            ],
            [
              28.1032888,
              36.9083333
            ],
            [
              28.1039118,
              36.9159336
            ],
            [
              28.1057701,
              36.923404
            ],
            [
              28.1088321,
              36.9306164
            ],
            [
              28.1130451,
              36.9374476
            ],
            [
              28.1183373,
              36.9437806
            ],
            [
              28.1246179,
              36.9495071
            ],
            [
              28.1317797,
              36.9545291
            ],
            [
              28.1396999,
              36.9587607
            ],
            [
              28.1482432,
              36.9621294
            ],
            [
              28.1572633,
              36.9645777
            ],
            [
              28.1666059,
              36.9660637
            ],
            [
              28.1761111,
              36.9665618
            ]
          ]
        ]
      }
    },
    {
      "type": "Feature",
      "properties": {
        "zone_code": "LTD40",
        "zone_name": "Siirt",
        "zone_type": "DANGER",
        "lower_limit": "SFC",
        "upper_limit": "2955 FT AMSL",
        "effective_from": null,
        "effective_to": null,
        "is_active": true,
        "source_note": "DHM? AIP ENR 5.1 (LT_ENR_5_1_en.PDF, AIRAC AMDT 03/25-06/25)"
      },
      "geometry": {
        "type": "Polygon",
        "coordinates": [
          [
            [
              41.8702778,
              37.9419444
            ],
            [
              41.8791667,
              37.9397222
            ],
            [
              41.8894444,
              37.9405556
            ],
            [
              41.8983333,
              37.9438889
            ],
            [
              41.9002778,
              37.9525
            ],
            [
              41.895,
              37.955
            ],
            [
              41.8883333,
              37.9561111
            ],
            [
              41.8841667,
              37.9569444
            ],
            [
              41.8825,
              37.9616667
            ],
            [
              41.8758333,
              37.9611111
            ],
            [
              41.8733333,
              37.9572222
            ],
            [
              41.8694444,
              37.9533333
            ],
            [
              41.8722222,
              37.9505556
            ],
            [
              41.8694444,
              37.9477778
            ],
            [
              41.8702778,
              37.9419444
            ]
          ]
        ]
      }
    },
    {
      "type": "Feature",
      "properties": {
        "zone_code": "LTD41",
        "zone_name": "Hamitabat",
        "zone_type": "DANGER",
        "lower_limit": "SFC",
        "upper_limit": "1000 FT AMSL",
        "effective_from": null,
        "effective_to": null,
        "is_active": true,
        "source_note": "DHM? AIP ENR 5.1 (LT_ENR_5_1_en.PDF, AIRAC AMDT 03/25-06/25)"
      },
      "geometry": {
        "type": "Polygon",
        "coordinates": [
          [
            [
              27.3391667,
              41.4736111
            ],
            [
              27.3336111,
              41.4741667
            ],
            [
              27.335,
              41.4886111
            ],
            [
              27.3427778,
              41.4866667
            ],
            [
              27.3391667,
              41.4736111
            ]
          ]
        ]
      }
    },
    {
      "type": "Feature",
      "properties": {
        "zone_code": "LTP1",
        "zone_name": "Canakkale I",
        "zone_type": "PROHIBITED",
        "lower_limit": "MSL",
        "upper_limit": "UNL",
        "effective_from": null,
        "effective_to": null,
        "is_active": true,
        "source_note": "DHM? AIP ENR 5.1 (LT_ENR_5_1_en.PDF, AIRAC AMDT 03/25-06/25)"
      },
      "geometry": {
        "type": "Polygon",
        "coordinates": [
          [
            [
              25.9333333,
              40.45
            ],
            [
              26.3166667,
              40.0166667
            ],
            [
              25.9666667,
              39.3666667
            ],
            [
              25.9333333,
              40.45
            ]
          ]
        ]
      }
    },
    {
      "type": "Feature",
      "properties": {
        "zone_code": "LTP2",
        "zone_name": "Canakkale II",
        "zone_type": "PROHIBITED",
        "lower_limit": "MSL",
        "upper_limit": "UNL",
        "effective_from": null,
        "effective_to": null,
        "is_active": true,
        "source_note": "DHM? AIP ENR 5.1 (LT_ENR_5_1_en.PDF, AIRAC AMDT 03/25-06/25)"
      },
      "geometry": {
        "type": "Polygon",
        "coordinates": [
          [
            [
              26.6666667,
              40.4166667
            ],
            [
              26.5333333,
              40.6333333
            ],
            [
              27.0333333,
              40.8333333
            ],
            [
              27.1,
              40.6166667
            ],
            [
              26.6666667,
              40.4166667
            ]
          ]
        ]
      }
    },
    {
      "type": "Feature",
      "properties": {
        "zone_code": "LTP6",
        "zone_name": "Ankara",
        "zone_type": "PROHIBITED",
        "lower_limit": "SFC",
        "upper_limit": "5000 FT AMSL",
        "effective_from": null,
        "effective_to": null,
        "is_active": true,
        "source_note": "DHM? AIP ENR 5.1 (LT_ENR_5_1_en.PDF, AIRAC AMDT 03/25-06/25)"
      },
      "geometry": {
        "type": "Polygon",
        "coordinates": [
          [
            [
              32.8069444,
              39.6587995
            ],
            [
              32.8099897,
              39.6586458
            ],
            [
              32.8129829,
              39.6581873
            ],
            [
              32.8158728,
              39.6574319
            ],
            [
              32.8186099,
              39.6563925
            ],
            [
              32.8211474,
              39.6550869
            ],
            [
              32.8234419,
              39.6535373
            ],
            [
              32.8254541,
              39.6517704
            ],
            [
              32.8271496,
              39.6498164
            ],
            [
              32.8284994,
              39.6477087
            ],
            [
              32.8294804,
              39.6454833
            ],
            [
              32.8300758,
              39.6431784
            ],
            [
              32.8302754,
              39.6408333
            ],
            [
              32.8300758,
              39.6384882
            ],
            [
              32.8294804,
              39.6361833
            ],
            [
              32.8284994,
              39.6339579
            ],
            [
              32.8271496,
              39.6318502
            ],
            [
              32.8254541,
              39.6298962
            ],
            [
              32.8234419,
              39.6281293
            ],
            [
              32.8211474,
              39.6265797
            ],
            [
              32.8186099,
              39.6252741
            ],
            [
              32.8158728,
              39.6242347
            ],
            [
              32.8129829,
              39.6234793
            ],
            [
              32.8099897,
              39.6230208
            ],
            [
              32.8069444,
              39.6228671
            ],
            [
              32.8038991,
              39.6230208
            ],
            [
              32.8009059,
              39.6234793
            ],
            [
              32.798016,
              39.6242347
            ],
            [
              32.7952789,
              39.6252741
            ],
            [
              32.7927414,
              39.6265797
            ],
            [
              32.7904469,
              39.6281293
            ],
            [
              32.7884347,
              39.6298962
            ],
            [
              32.7867392,
              39.6318502
            ],
            [
              32.7853894,
              39.6339579
            ],
            [
              32.7844084,
              39.6361833
            ],
            [
              32.783813,
              39.6384882
            ],
            [
              32.7836134,
              39.6408333
            ],
            [
              32.783813,
              39.6431784
            ],
            [
              32.7844084,
              39.6454833
            ],
            [
              32.7853894,
              39.6477087
            ],
            [
              32.7867392,
              39.6498164
            ],
            [
              32.7884347,
              39.6517704
            ],
            [
              32.7904469,
              39.6535373
            ],
            [
              32.7927414,
              39.6550869
            ],
            [
              32.7952789,
              39.6563925
            ],
            [
              32.798016,
              39.6574319
            ],
            [
              32.8009059,
              39.6581873
            ],
            [
              32.8038991,
              39.6586458
            ],
            [
              32.8069444,
              39.6587995
            ]
          ]
        ]
      }
    },
    {
      "type": "Feature",
      "properties": {
        "zone_code": "LTP7",
        "zone_name": "Imrali",
        "zone_type": "PROHIBITED",
        "lower_limit": "SFC",
        "upper_limit": "8000 FT AMSL",
        "effective_from": null,
        "effective_to": null,
        "is_active": true,
        "source_note": "DHM? AIP ENR 5.1 (LT_ENR_5_1_en.PDF, AIRAC AMDT 03/25-06/25)"
      },
      "geometry": {
        "type": "Polygon",
        "coordinates": [
          [
            [
              28.45,
              40.6166667
            ],
            [
              28.6166667,
              40.6166667
            ],
            [
              28.6166667,
              40.4666667
            ],
            [
              28.45,
              40.4666667
            ],
            [
              28.45,
              40.6166667
            ]
          ]
        ]
      }
    },
    {
      "type": "Feature",
      "properties": {
        "zone_code": "LTR1",
        "zone_name": "Golbasi 1",
        "zone_type": "RESTRICTED",
        "lower_limit": "SFC",
        "upper_limit": "7000 FT AMSL",
        "effective_from": null,
        "effective_to": null,
        "is_active": true,
        "source_note": "DHM? AIP ENR 5.1 (LT_ENR_5_1_en.PDF, AIRAC AMDT 03/25-06/25)"
      },
      "geometry": {
        "type": "Polygon",
        "coordinates": [
          [
            [
              32.3333333,
              39.55
            ],
            [
              32.5097222,
              39.4375
            ],
            [
              33.325,
              39.4388889
            ],
            [
              33.25,
              39.55
            ],
            [
              32.3333333,
              39.55
            ]
          ]
        ]
      }
    },
    {
      "type": "Feature",
      "properties": {
        "zone_code": "LTR2",
        "zone_name": "Golbasi 2",
        "zone_type": "RESTRICTED",
        "lower_limit": "SFC",
        "upper_limit": "5500 FT AMSL",
        "effective_from": null,
        "effective_to": null,
        "is_active": true,
        "source_note": "DHM? AIP ENR 5.1 (LT_ENR_5_1_en.PDF, AIRAC AMDT 03/25-06/25)"
      },
      "geometry": {
        "type": "Polygon",
        "coordinates": [
          [
            [
              32.5,
              39.7833333
            ],
            [
              32.5,
              39.55
            ],
            [
              33.25,
              39.55
            ],
            [
              33.25,
              39.7833333
            ],
            [
              32.5,
              39.7833333
            ]
          ]
        ]
      }
    },
    {
      "type": "Feature",
      "properties": {
        "zone_code": "LTR3",
        "zone_name": "Manyas",
        "zone_type": "RESTRICTED",
        "lower_limit": "SFC",
        "upper_limit": "2500 FT AMSL",
        "effective_from": null,
        "effective_to": null,
        "is_active": true,
        "source_note": "DHM? AIP ENR 5.1 (LT_ENR_5_1_en.PDF, AIRAC AMDT 03/25-06/25)"
      },
      "geometry": {
        "type": "Polygon",
        "coordinates": [
          [
            [
              28.0166667,
              40.2666667
            ],
            [
              28.05,
              40.2666667
            ],
            [
              28.05,
              40.2166667
            ],
            [
              28.0166667,
              40.2166667
            ],
            [
              28.0166667,
              40.2666667
            ]
          ]
        ]
      }
    },
    {
      "type": "Feature",
      "properties": {
        "zone_code": "LTR4",
        "zone_name": "Kucukcekmece",
        "zone_type": "RESTRICTED",
        "lower_limit": "SFC",
        "upper_limit": "4500 FT AMSL",
        "effective_from": null,
        "effective_to": null,
        "is_active": true,
        "source_note": "DHM? AIP ENR 5.1 (LT_ENR_5_1_en.PDF, AIRAC AMDT 03/25-06/25)"
      },
      "geometry": {
        "type": "Polygon",
        "coordinates": [
          [
            [
              28.7605556,
              41.0377778
            ],
            [
              28.7725,
              41.0377778
            ],
            [
              28.7725,
              41.0288889
            ],
            [
              28.7605556,
              41.0288889
            ],
            [
              28.7605556,
              41.0377778
            ]
          ]
        ]
      }
    },
    {
      "type": "Feature",
      "properties": {
        "zone_code": "LTR5",
        "zone_name": "Ulucan CTR",
        "zone_type": "RESTRICTED",
        "lower_limit": "SFC",
        "upper_limit": "5500 FT AMSL",
        "effective_from": null,
        "effective_to": null,
        "is_active": true,
        "source_note": "DHM? AIP ENR 5.1 (LT_ENR_5_1_en.PDF, AIRAC AMDT 03/25-06/25)"
      },
      "geometry": {
        "type": "Polygon",
        "coordinates": [
          [
            [
              32.1666667,
              39.7833333
            ],
            [
              32.5,
              39.7833333
            ],
            [
              32.5,
              39.55
            ],
            [
              32.1666667,
              39.55
            ],
            [
              32.1666667,
              39.7833333
            ]
          ]
        ]
      }
    },
    {
      "type": "Feature",
      "properties": {
        "zone_code": "LTR8",
        "zone_name": "Istanbul",
        "zone_type": "RESTRICTED",
        "lower_limit": "SFC",
        "upper_limit": "10000 FT AMSL",
        "effective_from": null,
        "effective_to": null,
        "is_active": true,
        "source_note": "DHM? AIP ENR 5.1 (LT_ENR_5_1_en.PDF, AIRAC AMDT 03/25-06/25)"
      },
      "geometry": {
        "type": "Polygon",
        "coordinates": [
          [
            [
              29.12,
              40.4188889
            ],
            [
              29.1088889,
              40.4188889
            ],
            [
              29.1088889,
              40.4119444
            ],
            [
              29.12,
              40.4119444
            ],
            [
              29.12,
              40.4188889
            ]
          ]
        ]
      }
    },
    {
      "type": "Feature",
      "properties": {
        "zone_code": "LTR9",
        "zone_name": "Ankara",
        "zone_type": "RESTRICTED",
        "lower_limit": "SFC",
        "upper_limit": "22500 FT AMSL",
        "effective_from": null,
        "effective_to": null,
        "is_active": true,
        "source_note": "DHM? AIP ENR 5.1 (LT_ENR_5_1_en.PDF, AIRAC AMDT 03/25-06/25)"
      },
      "geometry": {
        "type": "Polygon",
        "coordinates": [
          [
            [
              32.7725,
              39.945
            ],
            [
              32.7777778,
              39.8961111
            ],
            [
              32.8727778,
              39.8530556
            ],
            [
              32.9258333,
              39.9169444
            ],
            [
              32.8172222,
              39.9619444
            ],
            [
              32.7725,
              39.945
            ]
          ]
        ]
      }
    },
    {
      "type": "Feature",
      "properties": {
        "zone_code": "LTR10",
        "zone_name": "Avcilar",
        "zone_type": "RESTRICTED",
        "lower_limit": "SFC",
        "upper_limit": "2500 FT AMSL",
        "effective_from": null,
        "effective_to": null,
        "is_active": true,
        "source_note": "DHM? AIP ENR 5.1 (LT_ENR_5_1_en.PDF, AIRAC AMDT 03/25-06/25)"
      },
      "geometry": {
        "type": "Polygon",
        "coordinates": [
          [
            [
              28.6888889,
              40.9894444
            ],
            [
              28.7011111,
              40.9808333
            ],
            [
              28.7002778,
              40.9777778
            ],
            [
              28.6983333,
              40.9777778
            ],
            [
              28.6941667,
              40.9838889
            ],
            [
              28.6863889,
              40.9880556
            ],
            [
              28.6888889,
              40.9894444
            ]
          ]
        ]
      }
    },
    {
      "type": "Feature",
      "properties": {
        "zone_code": "LTR11",
        "zone_name": "Akavak",
        "zone_type": "RESTRICTED",
        "lower_limit": "SFC",
        "upper_limit": "1500 FT AMSL",
        "effective_from": null,
        "effective_to": null,
        "is_active": true,
        "source_note": "DHM? AIP ENR 5.1 (LT_ENR_5_1_en.PDF, AIRAC AMDT 03/25-06/25)"
      },
      "geometry": {
        "type": "Polygon",
        "coordinates": [
          [
            [
              28.9555556,
              41.04
            ],
            [
              28.9566667,
              41.0394444
            ],
            [
              28.9569444,
              41.0394444
            ],
            [
              28.9552778,
              41.0380556
            ],
            [
              28.9541667,
              41.0391667
            ],
            [
              28.9555556,
              41.04
            ]
          ]
        ]
      }
    },
    {
      "type": "Feature",
      "properties": {
        "zone_code": "LTR12",
        "zone_name": "Beykoz",
        "zone_type": "RESTRICTED",
        "lower_limit": "SFC",
        "upper_limit": "1500 FT AMSL",
        "effective_from": null,
        "effective_to": null,
        "is_active": true,
        "source_note": "DHM? AIP ENR 5.1 (LT_ENR_5_1_en.PDF, AIRAC AMDT 03/25-06/25)"
      },
      "geometry": {
        "type": "Polygon",
        "coordinates": [
          [
            [
              29.0808333,
              41.14
            ],
            [
              29.0844444,
              41.14
            ],
            [
              29.0852778,
              41.1394444
            ],
            [
              29.0847222,
              41.1377778
            ],
            [
              29.0808333,
              41.1377778
            ],
            [
              29.0791667,
              41.1386111
            ],
            [
              29.0808333,
              41.14
            ]
          ]
        ]
      }
    },
    {
      "type": "Feature",
      "properties": {
        "zone_code": "LTR13",
        "zone_name": "BBEY",
        "zone_type": "RESTRICTED",
        "lower_limit": "SFC",
        "upper_limit": "10000 FT AMSL",
        "effective_from": null,
        "effective_to": null,
        "is_active": true,
        "source_note": "DHM? AIP ENR 5.1 (LT_ENR_5_1_en.PDF, AIRAC AMDT 03/25-06/25)"
      },
      "geometry": {
        "type": "Polygon",
        "coordinates": [
          [
            [
              29.0327778,
              41.0411111
            ],
            [
              29.0380556,
              41.0361111
            ],
            [
              29.0477778,
              41.0408333
            ],
            [
              29.0427778,
              41.0463889
            ],
            [
              29.0327778,
              41.0411111
            ]
          ]
        ]
      }
    },
    {
      "type": "Feature",
      "properties": {
        "zone_code": "LTR14",
        "zone_name": "DBAHCE OFIS",
        "zone_type": "RESTRICTED",
        "lower_limit": "SFC",
        "upper_limit": "10000 FT AMSL",
        "effective_from": null,
        "effective_to": null,
        "is_active": true,
        "source_note": "DHM? AIP ENR 5.1 (LT_ENR_5_1_en.PDF, AIRAC AMDT 03/25-06/25)"
      },
      "geometry": {
        "type": "Polygon",
        "coordinates": [
          [
            [
              28.9955556,
              41.0419444
            ],
            [
              28.9991667,
              41.035
            ],
            [
              29.0108333,
              41.0383333
            ],
            [
              29.0077778,
              41.0452778
            ],
            [
              28.9955556,
              41.0419444
            ]
          ]
        ]
      }
    },
    {
      "type": "Feature",
      "properties": {
        "zone_code": "LTR15",
        "zone_name": "FKOSK",
        "zone_type": "RESTRICTED",
        "lower_limit": "SFC",
        "upper_limit": "1500 FT AMSL",
        "effective_from": null,
        "effective_to": null,
        "is_active": true,
        "source_note": "DHM? AIP ENR 5.1 (LT_ENR_5_1_en.PDF, AIRAC AMDT 03/25-06/25)"
      },
      "geometry": {
        "type": "Polygon",
        "coordinates": [
          [
            [
              29.0558333,
              40.9813889
            ],
            [
              29.0563889,
              40.9811111
            ],
            [
              29.0561111,
              40.9808333
            ],
            [
              29.0552778,
              40.9811111
            ],
            [
              29.0558333,
              40.9813889
            ]
          ]
        ]
      }
    },
    {
      "type": "Feature",
      "properties": {
        "zone_code": "LTR16",
        "zone_name": "Florya",
        "zone_type": "RESTRICTED",
        "lower_limit": "SFC",
        "upper_limit": "1500 FT AMSL",
        "effective_from": null,
        "effective_to": null,
        "is_active": true,
        "source_note": "DHM? AIP ENR 5.1 (LT_ENR_5_1_en.PDF, AIRAC AMDT 03/25-06/25)"
      },
      "geometry": {
        "type": "Polygon",
        "coordinates": [
          [
            [
              28.7808333,
              40.9761111
            ],
            [
              28.7855556,
              40.9747222
            ],
            [
              28.7847222,
              40.9736111
            ],
            [
              28.7838889,
              40.9738889
            ],
            [
              28.7830556,
              40.9727778
            ],
            [
              28.7819444,
              40.9733333
            ],
            [
              28.7827778,
              40.9744444
            ],
            [
              28.7805556,
              40.9752778
            ],
            [
              28.7808333,
              40.9761111
            ]
          ]
        ]
      }
    },
    {
      "type": "Feature",
      "properties": {
        "zone_code": "LTR17",
        "zone_name": "Ihlamur",
        "zone_type": "RESTRICTED",
        "lower_limit": "SFC",
        "upper_limit": "1500 FT AMSL",
        "effective_from": null,
        "effective_to": null,
        "is_active": true,
        "source_note": "DHM? AIP ENR 5.1 (LT_ENR_5_1_en.PDF, AIRAC AMDT 03/25-06/25)"
      },
      "geometry": {
        "type": "Polygon",
        "coordinates": [
          [
            [
              29.0005556,
              41.0530556
            ],
            [
              29.0019444,
              41.0530556
            ],
            [
              29.0025,
              41.0527778
            ],
            [
              29.0030556,
              41.0519444
            ],
            [
              29.0027778,
              41.0513889
            ],
            [
              29.0022222,
              41.0513889
            ],
            [
              29.0013889,
              41.0513889
            ],
            [
              29.0005556,
              41.0530556
            ]
          ]
        ]
      }
    },
    {
      "type": "Feature",
      "properties": {
        "zone_code": "LTR18",
        "zone_name": "Kucuksu",
        "zone_type": "RESTRICTED",
        "lower_limit": "SFC",
        "upper_limit": "1500 FT AMSL",
        "effective_from": null,
        "effective_to": null,
        "is_active": true,
        "source_note": "DHM? AIP ENR 5.1 (LT_ENR_5_1_en.PDF, AIRAC AMDT 03/25-06/25)"
      },
      "geometry": {
        "type": "Polygon",
        "coordinates": [
          [
            [
              29.0652778,
              41.0802778
            ],
            [
              29.0658333,
              41.0802778
            ],
            [
              29.0658333,
              41.0788889
            ],
            [
              29.0661111,
              41.0786111
            ],
            [
              29.0669444,
              41.0780556
            ],
            [
              29.0663889,
              41.0769444
            ],
            [
              29.0652778,
              41.0766667
            ],
            [
              29.065,
              41.0766667
            ],
            [
              29.065,
              41.0772222
            ],
            [
              29.0641667,
              41.0775
            ],
            [
              29.0647222,
              41.0791667
            ],
            [
              29.0652778,
              41.0802778
            ]
          ]
        ]
      }
    },
    {
      "type": "Feature",
      "properties": {
        "zone_code": "LTR19",
        "zone_name": "Maslak",
        "zone_type": "RESTRICTED",
        "lower_limit": "SFC",
        "upper_limit": "1500 FT AMSL",
        "effective_from": null,
        "effective_to": null,
        "is_active": true,
        "source_note": "DHM? AIP ENR 5.1 (LT_ENR_5_1_en.PDF, AIRAC AMDT 03/25-06/25)"
      },
      "geometry": {
        "type": "Polygon",
        "coordinates": [
          [
            [
              29.0241667,
              41.1277778
            ],
            [
              29.0302778,
              41.1258333
            ],
            [
              29.0316667,
              41.1247222
            ],
            [
              29.0322222,
              41.1222222
            ],
            [
              29.0333333,
              41.1208333
            ],
            [
              29.0327778,
              41.1194444
            ],
            [
              29.0288889,
              41.1166667
            ],
            [
              29.0247222,
              41.1166667
            ],
            [
              29.0247222,
              41.1202778
            ],
            [
              29.0241667,
              41.1241667
            ],
            [
              29.0241667,
              41.1266667
            ],
            [
              29.0241667,
              41.1277778
            ]
          ]
        ]
      }
    },
    {
      "type": "Feature",
      "properties": {
        "zone_code": "LTR20",
        "zone_name": "Yilpors",
        "zone_type": "RESTRICTED",
        "lower_limit": "SFC",
        "upper_limit": "1500 FT AMSL",
        "effective_from": null,
        "effective_to": null,
        "is_active": true,
        "source_note": "DHM? AIP ENR 5.1 (LT_ENR_5_1_en.PDF, AIRAC AMDT 03/25-06/25)"
      },
      "geometry": {
        "type": "Polygon",
        "coordinates": [
          [
            [
              29.0183333,
              41.05
            ],
            [
              29.0188889,
              41.0502778
            ],
            [
              29.0194444,
              41.0497222
            ],
            [
              29.0197222,
              41.0491667
            ],
            [
              29.0194444,
              41.0488889
            ],
            [
              29.0183333,
              41.0486111
            ],
            [
              29.0183333,
              41.05
            ]
          ]
        ]
      }
    },
    {
      "type": "Feature",
      "properties": {
        "zone_code": "LTR21",
        "zone_name": "Yilsale",
        "zone_type": "RESTRICTED",
        "lower_limit": "SFC",
        "upper_limit": "1500 FT AMSL",
        "effective_from": null,
        "effective_to": null,
        "is_active": true,
        "source_note": "DHM? AIP ENR 5.1 (LT_ENR_5_1_en.PDF, AIRAC AMDT 03/25-06/25)"
      },
      "geometry": {
        "type": "Polygon",
        "coordinates": [
          [
            [
              29.0122222,
              41.0552778
            ],
            [
              29.0144444,
              41.055
            ],
            [
              29.0155556,
              41.0544444
            ],
            [
              29.0166667,
              41.0533333
            ],
            [
              29.0158333,
              41.0530556
            ],
            [
              29.0152778,
              41.0533333
            ],
            [
              29.0144444,
              41.0530556
            ],
            [
              29.0141667,
              41.0522222
            ],
            [
              29.0138889,
              41.0522222
            ],
            [
              29.0138889,
              41.0525
            ],
            [
              29.0133333,
              41.0527778
            ],
            [
              29.0130556,
              41.0522222
            ],
            [
              29.0125,
              41.0525
            ],
            [
              29.0122222,
              41.0527778
            ],
            [
              29.0119444,
              41.0538889
            ],
            [
              29.0122222,
              41.0552778
            ]
          ]
        ]
      }
    },
    {
      "type": "Feature",
      "properties": {
        "zone_code": "LTR23",
        "zone_name": "Kurecik",
        "zone_type": "RESTRICTED",
        "lower_limit": "SFC",
        "upper_limit": "25000 FT AMSL",
        "effective_from": null,
        "effective_to": null,
        "is_active": true,
        "source_note": "DHM? AIP ENR 5.1 (LT_ENR_5_1_en.PDF, AIRAC AMDT 03/25-06/25)"
      },
      "geometry": {
        "type": "Polygon",
        "coordinates": [
          [
            [
              37.7938889,
              38.3996324
            ],
            [
              37.8021958,
              38.3992054
            ],
            [
              37.8103606,
              38.3979317
            ],
            [
              37.8182435,
              38.3958332
            ],
            [
              37.8257097,
              38.3929457
            ],
            [
              37.8326314,
              38.3893186
            ],
            [
              37.8388903,
              38.385014
            ],
            [
              37.8443792,
              38.3801056
            ],
            [
              37.8490041,
              38.3746773
            ],
            [
              37.8526861,
              38.368822
            ],
            [
              37.855362,
              38.3626399
            ],
            [
              37.856986,
              38.3562368
            ],
            [
              37.8575305,
              38.3497222
            ],
            [
              37.856986,
              38.3432076
            ],
            [
              37.855362,
              38.3368045
            ],
            [
              37.8526861,
              38.3306224
            ],
            [
              37.8490041,
              38.3247671
            ],
            [
              37.8443792,
              38.3193388
            ],
            [
              37.8388903,
              38.3144304
            ],
            [
              37.8326314,
              38.3101258
            ],
            [
              37.8257097,
              38.3064987
            ],
            [
              37.8182435,
              38.3036112
            ],
            [
              37.8103606,
              38.3015127
            ],
            [
              37.8021958,
              38.300239
            ],
            [
              37.7938889,
              38.299812
            ],
            [
              37.785582,
              38.300239
            ],
            [
              37.7774172,
              38.3015127
            ],
            [
              37.7695343,
              38.3036112
            ],
            [
              37.7620681,
              38.3064987
            ],
            [
              37.7551464,
              38.3101258
            ],
            [
              37.7488875,
              38.3144304
            ],
            [
              37.7433986,
              38.3193388
            ],
            [
              37.7387737,
              38.3247671
            ],
            [
              37.7350917,
              38.3306224
            ],
            [
              37.7324158,
              38.3368045
            ],
            [
              37.7307918,
              38.3432076
            ],
            [
              37.7302473,
              38.3497222
            ],
            [
              37.7307918,
              38.3562368
            ],
            [
              37.7324158,
              38.3626399
            ],
            [
              37.7350917,
              38.368822
            ],
            [
              37.7387737,
              38.3746773
            ],
            [
              37.7433986,
              38.3801056
            ],
            [
              37.7488875,
              38.385014
            ],
            [
              37.7551464,
              38.3893186
            ],
            [
              37.7620681,
              38.3929457
            ],
            [
              37.7695343,
              38.3958332
            ],
            [
              37.7774172,
              38.3979317
            ],
            [
              37.785582,
              38.3992054
            ],
            [
              37.7938889,
              38.3996324
            ]
          ]
        ]
      }
    },
    {
      "type": "Feature",
      "properties": {
        "zone_code": "LTR24",
        "zone_name": "Gokceada",
        "zone_type": "RESTRICTED",
        "lower_limit": "SFC",
        "upper_limit": "FL195",
        "effective_from": null,
        "effective_to": null,
        "is_active": true,
        "source_note": "DHM? AIP ENR 5.1 (LT_ENR_5_1_en.PDF, AIRAC AMDT 03/25-06/25)"
      },
      "geometry": {
        "type": "Polygon",
        "coordinates": [
          [
            [
              25.8986111,
              40.3486111
            ],
            [
              26.0605556,
              40.3069444
            ],
            [
              26.2572222,
              40.0844444
            ],
            [
              25.7172222,
              40.0797222
            ],
            [
              25.7141667,
              40.2891667
            ],
            [
              25.8986111,
              40.3486111
            ]
          ]
        ]
      }
    },
    {
      "type": "Feature",
      "properties": {
        "zone_code": "LTR25",
        "zone_name": "Golcuk",
        "zone_type": "RESTRICTED",
        "lower_limit": "SFC",
        "upper_limit": "5000 FT AMSL",
        "effective_from": null,
        "effective_to": null,
        "is_active": true,
        "source_note": "DHM? AIP ENR 5.1 (LT_ENR_5_1_en.PDF, AIRAC AMDT 03/25-06/25)"
      },
      "geometry": {
        "type": "Polygon",
        "coordinates": [
          [
            [
              29.7833333,
              40.7288889
            ],
            [
              29.8433333,
              40.75
            ],
            [
              29.85,
              40.7
            ],
            [
              29.7833333,
              40.7
            ],
            [
              29.7833333,
              40.7288889
            ]
          ]
        ]
      }
    },
    {
      "type": "Feature",
      "properties": {
        "zone_code": "LTR26",
        "zone_name": "Aksaz",
        "zone_type": "RESTRICTED",
        "lower_limit": "SFC",
        "upper_limit": "5000 FT AMSL",
        "effective_from": null,
        "effective_to": null,
        "is_active": true,
        "source_note": "DHM? AIP ENR 5.1 (LT_ENR_5_1_en.PDF, AIRAC AMDT 03/25-06/25)"
      },
      "geometry": {
        "type": "Polygon",
        "coordinates": [
          [
            [
              28.3333333,
              36.9111111
            ],
            [
              28.5166667,
              36.9111111
            ],
            [
              28.5166667,
              36.7833333
            ],
            [
              28.4333333,
              36.7666667
            ],
            [
              28.3333333,
              36.7666667
            ],
            [
              28.3333333,
              36.9111111
            ]
          ]
        ]
      }
    },
    {
      "type": "Feature",
      "properties": {
        "zone_code": "LTR28",
        "zone_name": "Efes",
        "zone_type": "RESTRICTED",
        "lower_limit": "SFC",
        "upper_limit": "2000 FT AMSL",
        "effective_from": null,
        "effective_to": null,
        "is_active": true,
        "source_note": "DHM? AIP ENR 5.1 (LT_ENR_5_1_en.PDF, AIRAC AMDT 03/25-06/25)"
      },
      "geometry": {
        "type": "Polygon",
        "coordinates": [
          [
            [
              27.3305556,
              37.9083333
            ],
            [
              27.3305556,
              37.9472222
            ],
            [
              27.3555556,
              37.9472222
            ],
            [
              27.3555556,
              37.9138889
            ],
            [
              27.3305556,
              37.9083333
            ]
          ]
        ]
      }
    },
    {
      "type": "Feature",
      "properties": {
        "zone_code": "LTR29",
        "zone_name": "Gokcehoyuk",
        "zone_type": "RESTRICTED",
        "lower_limit": "SFC",
        "upper_limit": "7000 FT AMSL",
        "effective_from": null,
        "effective_to": null,
        "is_active": true,
        "source_note": "DHM? AIP ENR 5.1 (LT_ENR_5_1_en.PDF, AIRAC AMDT 03/25-06/25)"
      },
      "geometry": {
        "type": "Polygon",
        "coordinates": [
          [
            [
              32.7122222,
              39.6719235
            ],
            [
              32.7141967,
              39.6718239
            ],
            [
              32.7161375,
              39.6715267
            ],
            [
              32.7180112,
              39.671037
            ],
            [
              32.7197859,
              39.6703633
            ],
            [
              32.7214312,
              39.669517
            ],
            [
              32.7229189,
              39.6685126
            ],
            [
              32.7242236,
              39.6673673
            ],
            [
              32.7253229,
              39.6661007
            ],
            [
              32.7261981,
              39.6647344
            ],
            [
              32.7268341,
              39.6632919
            ],
            [
              32.7272202,
              39.6617979
            ],
            [
              32.7273496,
              39.6602778
            ],
            [
              32.7272202,
              39.6587577
            ],
            [
              32.7268341,
              39.6572637
            ],
            [
              32.7261981,
              39.6558212
            ],
            [
              32.7253229,
              39.6544549
            ],
            [
              32.7242236,
              39.6531883
            ],
            [
              32.7229189,
              39.652043
            ],
            [
              32.7214312,
              39.6510386
            ],
            [
              32.7197859,
              39.6501923
            ],
            [
              32.7180112,
              39.6495186
            ],
            [
              32.7161375,
              39.6490289
            ],
            [
              32.7141967,
              39.6487317
            ],
            [
              32.7122222,
              39.6486321
            ],
            [
              32.7102477,
              39.6487317
            ],
            [
              32.7083069,
              39.6490289
            ],
            [
              32.7064332,
              39.6495186
            ],
            [
              32.7046585,
              39.6501923
            ],
            [
              32.7030132,
              39.6510386
            ],
            [
              32.7015255,
              39.652043
            ],
            [
              32.7002208,
              39.6531883
            ],
            [
              32.6991215,
              39.6544549
            ],
            [
              32.6982463,
              39.6558212
            ],
            [
              32.6976103,
              39.6572637
            ],
            [
              32.6972242,
              39.6587577
            ],
            [
              32.6970948,
              39.6602778
            ],
            [
              32.6972242,
              39.6617979
            ],
            [
              32.6976103,
              39.6632919
            ],
            [
              32.6982463,
              39.6647344
            ],
            [
              32.6991215,
              39.6661007
            ],
            [
              32.7002208,
              39.6673673
            ],
            [
              32.7015255,
              39.6685126
            ],
            [
              32.7030132,
              39.669517
            ],
            [
              32.7046585,
              39.6703633
            ],
            [
              32.7064332,
              39.671037
            ],
            [
              32.7083069,
              39.6715267
            ],
            [
              32.7102477,
              39.6718239
            ],
            [
              32.7122222,
              39.6719235
            ]
          ]
        ]
      }
    },
    {
      "type": "Feature",
      "properties": {
        "zone_code": "LTR34",
        "zone_name": "Murted",
        "zone_type": "RESTRICTED",
        "lower_limit": "SFC",
        "upper_limit": "5500 FT AMSL",
        "effective_from": null,
        "effective_to": null,
        "is_active": true,
        "source_note": "DHM? AIP ENR 5.1 (LT_ENR_5_1_en.PDF, AIRAC AMDT 03/25-06/25)"
      },
      "geometry": {
        "type": "Polygon",
        "coordinates": [
          [
            [
              32.5647222,
              40.1027329
            ],
            [
              32.5689791,
              40.1025194
            ],
            [
              32.5731633,
              40.1018826
            ],
            [
              32.5772029,
              40.1008333
            ],
            [
              32.5810291,
              40.0993895
            ],
            [
              32.5845762,
              40.097576
            ],
            [
              32.5877836,
              40.0954237
            ],
            [
              32.5905964,
              40.0929695
            ],
            [
              32.5929665,
              40.0902553
            ],
            [
              32.5948534,
              40.0873277
            ],
            [
              32.5962246,
              40.0842367
            ],
            [
              32.5970569,
              40.0810351
            ],
            [
              32.5973359,
              40.0777778
            ],
            [
              32.5970569,
              40.0745205
            ],
            [
              32.5962246,
              40.0713189
            ],
            [
              32.5948534,
              40.0682279
            ],
            [
              32.5929665,
              40.0653003
            ],
            [
              32.5905964,
              40.0625861
            ],
            [
              32.5877836,
              40.0601319
            ],
            [
              32.5845762,
              40.0579796
            ],
            [
              32.5810291,
              40.0561661
            ],
            [
              32.5772029,
              40.0547223
            ],
            [
              32.5731633,
              40.053673
            ],
            [
              32.5689791,
              40.0530362
            ],
            [
              32.5647222,
              40.0528227
            ],
            [
              32.5604653,
              40.0530362
            ],
            [
              32.5562811,
              40.053673
            ],
            [
              32.5522415,
              40.0547223
            ],
            [
              32.5484153,
              40.0561661
            ],
            [
              32.5448682,
              40.0579796
            ],
            [
              32.5416608,
              40.0601319
            ],
            [
              32.538848,
              40.0625861
            ],
            [
              32.5364779,
              40.0653003
            ],
            [
              32.534591,
              40.0682279
            ],
            [
              32.5332198,
              40.0713189
            ],
            [
              32.5323875,
              40.0745205
            ],
            [
              32.5321085,
              40.0777778
            ],
            [
              32.5323875,
              40.0810351
            ],
            [
              32.5332198,
              40.0842367
            ],
            [
              32.534591,
              40.0873277
            ],
            [
              32.5364779,
              40.0902553
            ],
            [
              32.538848,
              40.0929695
            ],
            [
              32.5416608,
              40.0954237
            ],
            [
              32.5448682,
              40.097576
            ],
            [
              32.5484153,
              40.0993895
            ],
            [
              32.5522415,
              40.1008333
            ],
            [
              32.5562811,
              40.1018826
            ],
            [
              32.5604653,
              40.1025194
            ],
            [
              32.5647222,
              40.1027329
            ]
          ]
        ]
      }
    },
    {
      "type": "Feature",
      "properties": {
        "zone_code": "LTR35",
        "zone_name": "Kuleli",
        "zone_type": "RESTRICTED",
        "lower_limit": "SFC",
        "upper_limit": "10000 FT AMSL",
        "effective_from": null,
        "effective_to": null,
        "is_active": true,
        "source_note": "DHM? AIP ENR 5.1 (LT_ENR_5_1_en.PDF, AIRAC AMDT 03/25-06/25)"
      },
      "geometry": {
        "type": "Polygon",
        "coordinates": [
          [
            [
              29.0486111,
              41.0486111
            ],
            [
              29.06,
              41.0472222
            ],
            [
              29.0636111,
              41.0602778
            ],
            [
              29.0525,
              41.0619444
            ],
            [
              29.0486111,
              41.0486111
            ]
          ]
        ]
      }
    },
    {
      "type": "Feature",
      "properties": {
        "zone_code": "LTR36",
        "zone_name": "Yildiz",
        "zone_type": "RESTRICTED",
        "lower_limit": "SFC",
        "upper_limit": "10000 FT AMSL",
        "effective_from": null,
        "effective_to": null,
        "is_active": true,
        "source_note": "DHM? AIP ENR 5.1 (LT_ENR_5_1_en.PDF, AIRAC AMDT 03/25-06/25)"
      },
      "geometry": {
        "type": "Polygon",
        "coordinates": [
          [
            [
              29.01,
              41.0561111
            ],
            [
              29.0077778,
              41.0466667
            ],
            [
              29.0183333,
              41.0455556
            ],
            [
              29.02,
              41.0547222
            ],
            [
              29.01,
              41.0561111
            ]
          ]
        ]
      }
    },
    {
      "type": "Feature",
      "properties": {
        "zone_code": "LTR37",
        "zone_name": "Tuzla",
        "zone_type": "RESTRICTED",
        "lower_limit": "SFC",
        "upper_limit": "1000 FT AMSL",
        "effective_from": null,
        "effective_to": null,
        "is_active": true,
        "source_note": "DHM? AIP ENR 5.1 (LT_ENR_5_1_en.PDF, AIRAC AMDT 03/25-06/25)"
      },
      "geometry": {
        "type": "Polygon",
        "coordinates": [
          [
            [
              29.3161111,
              40.8791606
            ],
            [
              29.3166855,
              40.8791322
            ],
            [
              29.31725,
              40.8790473
            ],
            [
              29.3177951,
              40.8789074
            ],
            [
              29.3183113,
              40.8787149
            ],
            [
              29.31879,
              40.8784731
            ],
            [
              29.3192227,
              40.8781861
            ],
            [
              29.3196022,
              40.8778589
            ],
            [
              29.319922,
              40.877497
            ],
            [
              29.3201766,
              40.8771066
            ],
            [
              29.3203617,
              40.8766945
            ],
            [
              29.3204739,
              40.8762676
            ],
            [
              29.3205116,
              40.8758333
            ],
            [
              29.3204739,
              40.875399
            ],
            [
              29.3203617,
              40.8749721
            ],
            [
              29.3201766,
              40.87456
            ],
            [
              29.319922,
              40.8741696
            ],
            [
              29.3196022,
              40.8738077
            ],
            [
              29.3192227,
              40.8734805
            ],
            [
              29.31879,
              40.8731935
            ],
            [
              29.3183113,
              40.8729517
            ],
            [
              29.3177951,
              40.8727592
            ],
            [
              29.31725,
              40.8726193
            ],
            [
              29.3166855,
              40.8725344
            ],
            [
              29.3161111,
              40.872506
            ],
            [
              29.3155367,
              40.8725344
            ],
            [
              29.3149722,
              40.8726193
            ],
            [
              29.3144271,
              40.8727592
            ],
            [
              29.3139109,
              40.8729517
            ],
            [
              29.3134322,
              40.8731935
            ],
            [
              29.3129995,
              40.8734805
            ],
            [
              29.31262,
              40.8738077
            ],
            [
              29.3123002,
              40.8741696
            ],
            [
              29.3120456,
              40.87456
            ],
            [
              29.3118605,
              40.8749721
            ],
            [
              29.3117483,
              40.875399
            ],
            [
              29.3117106,
              40.8758333
            ],
            [
              29.3117483,
              40.8762676
            ],
            [
              29.3118605,
              40.8766945
            ],
            [
              29.3120456,
              40.8771066
            ],
            [
              29.3123002,
              40.877497
            ],
            [
              29.31262,
              40.8778589
            ],
            [
              29.3129995,
              40.8781861
            ],
            [
              29.3134322,
              40.8784731
            ],
            [
              29.3139109,
              40.8787149
            ],
            [
              29.3144271,
              40.8789074
            ],
            [
              29.3149722,
              40.8790473
            ],
            [
              29.3155367,
              40.8791322
            ],
            [
              29.3161111,
              40.8791606
            ]
          ]
        ]
      }
    },
    {
      "type": "Feature",
      "properties": {
        "zone_code": "LTR38",
        "zone_name": "Tekirdag",
        "zone_type": "RESTRICTED",
        "lower_limit": "SFC",
        "upper_limit": "20000 FT AMSL",
        "effective_from": null,
        "effective_to": null,
        "is_active": true,
        "source_note": "DHM? AIP ENR 5.1 (LT_ENR_5_1_en.PDF, AIRAC AMDT 03/25-06/25)"
      },
      "geometry": {
        "type": "Polygon",
        "coordinates": [
          [
            [
              27.5094444,
              41.0979956
            ],
            [
              27.5152047,
              41.097711
            ],
            [
              27.5208664,
              41.0968619
            ],
            [
              27.5263326,
              41.0954629
            ],
            [
              27.53151,
              41.0935378
            ],
            [
              27.5363097,
              41.0911198
            ],
            [
              27.5406498,
              41.0882501
            ],
            [
              27.544456,
              41.0849778
            ],
            [
              27.5476631,
              41.0813589
            ],
            [
              27.5502162,
              41.0774554
            ],
            [
              27.5520718,
              41.073334
            ],
            [
              27.553198,
              41.0690653
            ],
            [
              27.5535755,
              41.0647222
            ],
            [
              27.553198,
              41.0603791
            ],
            [
              27.5520718,
              41.0561104
            ],
            [
              27.5502162,
              41.051989
            ],
            [
              27.5476631,
              41.0480855
            ],
            [
              27.544456,
              41.0444666
            ],
            [
              27.5406498,
              41.0411943
            ],
            [
              27.5363097,
              41.0383246
            ],
            [
              27.53151,
              41.0359066
            ],
            [
              27.5263326,
              41.0339815
            ],
            [
              27.5208664,
              41.0325825
            ],
            [
              27.5152047,
              41.0317334
            ],
            [
              27.5094444,
              41.0314488
            ],
            [
              27.5036841,
              41.0317334
            ],
            [
              27.4980224,
              41.0325825
            ],
            [
              27.4925562,
              41.0339815
            ],
            [
              27.4873788,
              41.0359066
            ],
            [
              27.4825791,
              41.0383246
            ],
            [
              27.478239,
              41.0411943
            ],
            [
              27.4744328,
              41.0444666
            ],
            [
              27.4712257,
              41.0480855
            ],
            [
              27.4686726,
              41.051989
            ],
            [
              27.466817,
              41.0561104
            ],
            [
              27.4656908,
              41.0603791
            ],
            [
              27.4653133,
              41.0647222
            ],
            [
              27.4656908,
              41.0690653
            ],
            [
              27.466817,
              41.073334
            ],
            [
              27.4686726,
              41.0774554
            ],
            [
              27.4712257,
              41.0813589
            ],
            [
              27.4744328,
              41.0849778
            ],
            [
              27.478239,
              41.0882501
            ],
            [
              27.4825791,
              41.0911198
            ],
            [
              27.4873788,
              41.0935378
            ],
            [
              27.4925562,
              41.0954629
            ],
            [
              27.4980224,
              41.0968619
            ],
            [
              27.5036841,
              41.097711
            ],
            [
              27.5094444,
              41.0979956
            ]
          ]
        ]
      }
    },
    {
      "type": "Feature",
      "properties": {
        "zone_code": "LTR39",
        "zone_name": "Kocaeli Kandira",
        "zone_type": "RESTRICTED",
        "lower_limit": "SFC",
        "upper_limit": "10000 FT AMSL",
        "effective_from": null,
        "effective_to": null,
        "is_active": true,
        "source_note": "DHM? AIP ENR 5.1 (LT_ENR_5_1_en.PDF, AIRAC AMDT 03/25-06/25)"
      },
      "geometry": {
        "type": "Polygon",
        "coordinates": [
          [
            [
              30.0802778,
              40.9496623
            ],
            [
              30.0860251,
              40.9493777
            ],
            [
              30.0916741,
              40.9485286
            ],
            [
              30.0971281,
              40.9471296
            ],
            [
              30.1022938,
              40.9452045
            ],
            [
              30.1070827,
              40.9427865
            ],
            [
              30.1114131,
              40.9399168
            ],
            [
              30.1152107,
              40.9366445
            ],
            [
              30.1184106,
              40.9330256
            ],
            [
              30.120958,
              40.9291221
            ],
            [
              30.1228094,
              40.9250007
            ],
            [
              30.123933,
              40.920732
            ],
            [
              30.1243097,
              40.9163889
            ],
            [
              30.123933,
              40.9120458
            ],
            [
              30.1228094,
              40.9077771
            ],
            [
              30.120958,
              40.9036557
            ],
            [
              30.1184106,
              40.8997522
            ],
            [
              30.1152107,
              40.8961333
            ],
            [
              30.1114131,
              40.892861
            ],
            [
              30.1070827,
              40.8899913
            ],
            [
              30.1022938,
              40.8875733
            ],
            [
              30.0971281,
              40.8856482
            ],
            [
              30.0916741,
              40.8842492
            ],
            [
              30.0860251,
              40.8834001
            ],
            [
              30.0802778,
              40.8831155
            ],
            [
              30.0745305,
              40.8834001
            ],
            [
              30.0688815,
              40.8842492
            ],
            [
              30.0634275,
              40.8856482
            ],
            [
              30.0582618,
              40.8875733
            ],
            [
              30.0534729,
              40.8899913
            ],
            [
              30.0491425,
              40.892861
            ],
            [
              30.0453449,
              40.8961333
            ],
            [
              30.042145,
              40.8997522
            ],
            [
              30.0395976,
              40.9036557
            ],
            [
              30.0377462,
              40.9077771
            ],
            [
              30.0366226,
              40.9120458
            ],
            [
              30.0362459,
              40.9163889
            ],
            [
              30.0366226,
              40.920732
            ],
            [
              30.0377462,
              40.9250007
            ],
            [
              30.0395976,
              40.9291221
            ],
            [
              30.042145,
              40.9330256
            ],
            [
              30.0453449,
              40.9366445
            ],
            [
              30.0491425,
              40.9399168
            ],
            [
              30.0534729,
              40.9427865
            ],
            [
              30.0582618,
              40.9452045
            ],
            [
              30.0634275,
              40.9471296
            ],
            [
              30.0688815,
              40.9485286
            ],
            [
              30.0745305,
              40.9493777
            ],
            [
              30.0802778,
              40.9496623
            ]
          ]
        ]
      }
    },
    {
      "type": "Feature",
      "properties": {
        "zone_code": "LTR40",
        "zone_name": "Silivri",
        "zone_type": "RESTRICTED",
        "lower_limit": "SFC",
        "upper_limit": "20000 FT AMSL",
        "effective_from": null,
        "effective_to": null,
        "is_active": true,
        "source_note": "DHM? AIP ENR 5.1 (LT_ENR_5_1_en.PDF, AIRAC AMDT 03/25-06/25)"
      },
      "geometry": {
        "type": "Polygon",
        "coordinates": [
          [
            [
              28.15,
              41.1166067
            ],
            [
              28.1557619,
              41.1163221
            ],
            [
              28.1614252,
              41.115473
            ],
            [
              28.166893,
              41.114074
            ],
            [
              28.1720718,
              41.1121489
            ],
            [
              28.1768729,
              41.1097309
            ],
            [
              28.1812142,
              41.1068612
            ],
            [
              28.1850215,
              41.1035889
            ],
            [
              28.1882295,
              41.09997
            ],
            [
              28.1907834,
              41.0960665
            ],
            [
              28.1926394,
              41.0919451
            ],
            [
              28.193766,
              41.0876764
            ],
            [
              28.1941436,
              41.0833333
            ],
            [
              28.193766,
              41.0789902
            ],
            [
              28.1926394,
              41.0747215
            ],
            [
              28.1907834,
              41.0706001
            ],
            [
              28.1882295,
              41.0666966
            ],
            [
              28.1850215,
              41.0630777
            ],
            [
              28.1812142,
              41.0598054
            ],
            [
              28.1768729,
              41.0569357
            ],
            [
              28.1720718,
              41.0545177
            ],
            [
              28.166893,
              41.0525926
            ],
            [
              28.1614252,
              41.0511936
            ],
            [
              28.1557619,
              41.0503445
            ],
            [
              28.15,
              41.0500599
            ],
            [
              28.1442381,
              41.0503445
            ],
            [
              28.1385748,
              41.0511936
            ],
            [
              28.133107,
              41.0525926
            ],
            [
              28.1279282,
              41.0545177
            ],
            [
              28.1231271,
              41.0569357
            ],
            [
              28.1187858,
              41.0598054
            ],
            [
              28.1149785,
              41.0630777
            ],
            [
              28.1117705,
              41.0666966
            ],
            [
              28.1092166,
              41.0706001
            ],
            [
              28.1073606,
              41.0747215
            ],
            [
              28.106234,
              41.0789902
            ],
            [
              28.1058564,
              41.0833333
            ],
            [
              28.106234,
              41.0876764
            ],
            [
              28.1073606,
              41.0919451
            ],
            [
              28.1092166,
              41.0960665
            ],
            [
              28.1117705,
              41.09997
            ],
            [
              28.1149785,
              41.1035889
            ],
            [
              28.1187858,
              41.1068612
            ],
            [
              28.1231271,
              41.1097309
            ],
            [
              28.1279282,
              41.1121489
            ],
            [
              28.133107,
              41.114074
            ],
            [
              28.1385748,
              41.115473
            ],
            [
              28.1442381,
              41.1163221
            ],
            [
              28.15,
              41.1166067
            ]
          ]
        ]
      }
    },
    {
      "type": "Feature",
      "properties": {
        "zone_code": "LTR41",
        "zone_name": "Sincan",
        "zone_type": "RESTRICTED",
        "lower_limit": "SFC",
        "upper_limit": "12000 FT AMSL",
        "effective_from": null,
        "effective_to": null,
        "is_active": true,
        "source_note": "DHM? AIP ENR 5.1 (LT_ENR_5_1_en.PDF, AIRAC AMDT 03/25-06/25)"
      },
      "geometry": {
        "type": "Polygon",
        "coordinates": [
          [
            [
              32.5608333,
              40.041301
            ],
            [
              32.5638959,
              40.0411472
            ],
            [
              32.566906,
              40.0406887
            ],
            [
              32.5698123,
              40.0399333
            ],
            [
              32.5725649,
              40.0388938
            ],
            [
              32.5751168,
              40.037588
            ],
            [
              32.5774242,
              40.0360384
            ],
            [
              32.5794479,
              40.0342713
            ],
            [
              32.581153,
              40.0323171
            ],
            [
              32.5825104,
              40.0302092
            ],
            [
              32.5834969,
              40.0279837
            ],
            [
              32.5840957,
              40.0256786
            ],
            [
              32.5842964,
              40.0233333
            ],
            [
              32.5840957,
              40.020988
            ],
            [
              32.5834969,
              40.0186829
            ],
            [
              32.5825104,
              40.0164574
            ],
            [
              32.581153,
              40.0143495
            ],
            [
              32.5794479,
              40.0123953
            ],
            [
              32.5774242,
              40.0106282
            ],
            [
              32.5751168,
              40.0090786
            ],
            [
              32.5725649,
              40.0077728
            ],
            [
              32.5698123,
              40.0067333
            ],
            [
              32.566906,
              40.0059779
            ],
            [
              32.5638959,
              40.0055194
            ],
            [
              32.5608333,
              40.0053656
            ],
            [
              32.5577707,
              40.0055194
            ],
            [
              32.5547606,
              40.0059779
            ],
            [
              32.5518543,
              40.0067333
            ],
            [
              32.5491017,
              40.0077728
            ],
            [
              32.5465498,
              40.0090786
            ],
            [
              32.5442424,
              40.0106282
            ],
            [
              32.5422187,
              40.0123953
            ],
            [
              32.5405136,
              40.0143495
            ],
            [
              32.5391562,
              40.0164574
            ],
            [
              32.5381697,
              40.0186829
            ],
            [
              32.5375709,
              40.020988
            ],
            [
              32.5373702,
              40.0233333
            ],
            [
              32.5375709,
              40.0256786
            ],
            [
              32.5381697,
              40.0279837
            ],
            [
              32.5391562,
              40.0302092
            ],
            [
              32.5405136,
              40.0323171
            ],
            [
              32.5422187,
              40.0342713
            ],
            [
              32.5442424,
              40.0360384
            ],
            [
              32.5465498,
              40.037588
            ],
            [
              32.5491017,
              40.0388938
            ],
            [
              32.5518543,
              40.0399333
            ],
            [
              32.5547606,
              40.0406887
            ],
            [
              32.5577707,
              40.0411472
            ],
            [
              32.5608333,
              40.041301
            ]
          ]
        ]
      }
    },
    {
      "type": "Feature",
      "properties": {
        "zone_code": "LTR42",
        "zone_name": "Bozcaada",
        "zone_type": "RESTRICTED",
        "lower_limit": "SFC",
        "upper_limit": "1200 FT AMSL",
        "effective_from": null,
        "effective_to": null,
        "is_active": true,
        "source_note": "DHM? AIP ENR 5.1 (LT_ENR_5_1_en.PDF, AIRAC AMDT 03/25-06/25)"
      },
      "geometry": {
        "type": "Polygon",
        "coordinates": [
          [
            [
              25.9633333,
              39.8111111
            ],
            [
              25.9633333,
              39.8611111
            ],
            [
              26.2325,
              39.8641667
            ],
            [
              26.2047222,
              39.8122222
            ],
            [
              25.9633333,
              39.8111111
            ]
          ]
        ]
      }
    },
    {
      "type": "Feature",
      "properties": {
        "zone_code": "LTR43",
        "zone_name": "Baglica",
        "zone_type": "RESTRICTED",
        "lower_limit": "SFC",
        "upper_limit": "22500 FT AMSL",
        "effective_from": null,
        "effective_to": null,
        "is_active": true,
        "source_note": "DHM? AIP ENR 5.1 (LT_ENR_5_1_en.PDF, AIRAC AMDT 03/25-06/25); geometry approximated from centered-radius definition"
      },
      "geometry": {
        "type": "Polygon",
        "coordinates": [
          [
            [
              32.6652778,
              39.9241367
            ],
            [
              32.6681087,
              39.9239944
            ],
            [
              32.6708912,
              39.9235698
            ],
            [
              32.6735776,
              39.9228703
            ],
            [
              32.676122,
              39.9219078
            ],
            [
              32.6784808,
              39.9206988
            ],
            [
              32.6806138,
              39.9192639
            ],
            [
              32.6824843,
              39.9176278
            ],
            [
              32.6840605,
              39.9158184
            ],
            [
              32.6853152,
              39.9138666
            ],
            [
              32.6862271,
              39.9118059
            ],
            [
              32.6867806,
              39.9096715
            ],
            [
              32.6869661,
              39.9075
            ],
            [
              32.6867806,
              39.9053285
            ],
            [
              32.6862271,
              39.9031941
            ],
            [
              32.6853152,
              39.9011334
            ],
            [
              32.6840605,
              39.8991816
            ],
            [
              32.6824843,
              39.8973722
            ],
            [
              32.6806138,
              39.8957361
            ],
            [
              32.6784808,
              39.8943012
            ],
            [
              32.676122,
              39.8930922
            ],
            [
              32.6735776,
              39.8921297
            ],
            [
              32.6708912,
              39.8914302
            ],
            [
              32.6681087,
              39.8910056
            ],
            [
              32.6652778,
              39.8908633
            ],
            [
              32.6624469,
              39.8910056
            ],
            [
              32.6596644,
              39.8914302
            ],
            [
              32.656978,
              39.8921297
            ],
            [
              32.6544336,
              39.8930922
            ],
            [
              32.6520748,
              39.8943012
            ],
            [
              32.6499418,
              39.8957361
            ],
            [
              32.6480713,
              39.8973722
            ],
            [
              32.6464951,
              39.8991816
            ],
            [
              32.6452404,
              39.9011334
            ],
            [
              32.6443285,
              39.9031941
            ],
            [
              32.643775,
              39.9053285
            ],
            [
              32.6435895,
              39.9075
            ],
            [
              32.643775,
              39.9096715
            ],
            [
              32.6443285,
              39.9118059
            ],
            [
              32.6452404,
              39.9138666
            ],
            [
              32.6464951,
              39.9158184
            ],
            [
              32.6480713,
              39.9176278
            ],
            [
              32.6499418,
              39.9192639
            ],
            [
              32.6520748,
              39.9206988
            ],
            [
              32.6544336,
              39.9219078
            ],
            [
              32.656978,
              39.9228703
            ],
            [
              32.6596644,
              39.9235698
            ],
            [
              32.6624469,
              39.9239944
            ],
            [
              32.6652778,
              39.9241367
            ]
          ]
        ]
      }
    },
    {
      "type": "Feature",
      "properties": {
        "zone_code": "LTR44",
        "zone_name": "Akkuyu",
        "zone_type": "RESTRICTED",
        "lower_limit": "SFC",
        "upper_limit": "UNL",
        "effective_from": null,
        "effective_to": null,
        "is_active": true,
        "source_note": "DHM? AIP ENR 5.1 (LT_ENR_5_1_en.PDF, AIRAC AMDT 03/25-06/25)"
      },
      "geometry": {
        "type": "Polygon",
        "coordinates": [
          [
            [
              33.5433333,
              36.1961111
            ],
            [
              33.6141667,
              36.1511111
            ],
            [
              33.6138889,
              36.0961111
            ],
            [
              33.4972222,
              36.0961111
            ],
            [
              33.5,
              36.1497222
            ],
            [
              33.5433333,
              36.1961111
            ]
          ]
        ]
      }
    },
    {
      "type": "Feature",
      "properties": {
        "zone_code": "LTR45",
        "zone_name": "Karatepe",
        "zone_type": "RESTRICTED",
        "lower_limit": "SFC",
        "upper_limit": "3500 FT AMSL",
        "effective_from": null,
        "effective_to": null,
        "is_active": true,
        "source_note": "DHM? AIP ENR 5.1 / NOTAM references A3714/25, A4628/25"
      },
      "geometry": {
        "type": "Polygon",
        "coordinates": [
          [
            [
              27.7261111,
              41.1821623
            ],
            [
              27.7318788,
              41.1818777
            ],
            [
              27.7375477,
              41.1810286
            ],
            [
              27.743021,
              41.1796295
            ],
            [
              27.748205,
              41.1777045
            ],
            [
              27.7530109,
              41.1752865
            ],
            [
              27.7573565,
              41.1724168
            ],
            [
              27.7611676,
              41.1691445
            ],
            [
              27.7643788,
              41.1655256
            ],
            [
              27.7669352,
              41.1616221
            ],
            [
              27.7687932,
              41.1575007
            ],
            [
              27.7699208,
              41.1532319
            ],
            [
              27.7702988,
              41.1488889
            ],
            [
              27.7699208,
              41.1445458
            ],
            [
              27.7687932,
              41.1402771
            ],
            [
              27.7669352,
              41.1361557
            ],
            [
              27.7643788,
              41.1322522
            ],
            [
              27.7611676,
              41.1286333
            ],
            [
              27.7573565,
              41.125361
            ],
            [
              27.7530109,
              41.1224913
            ],
            [
              27.748205,
              41.1200732
            ],
            [
              27.743021,
              41.1181482
            ],
            [
              27.7375477,
              41.1167492
            ],
            [
              27.7318788,
              41.1159001
            ],
            [
              27.7261111,
              41.1156154
            ],
            [
              27.7203435,
              41.1159001
            ],
            [
              27.7146745,
              41.1167492
            ],
            [
              27.7092012,
              41.1181482
            ],
            [
              27.7040173,
              41.1200732
            ],
            [
              27.6992113,
              41.1224913
            ],
            [
              27.6948657,
              41.125361
            ],
            [
              27.6910546,
              41.1286333
            ],
            [
              27.6878434,
              41.1322522
            ],
            [
              27.685287,
              41.1361557
            ],
            [
              27.6834291,
              41.1402771
            ],
            [
              27.6823014,
              41.1445458
            ],
            [
              27.6819234,
              41.1488889
            ],
            [
              27.6823014,
              41.1532319
            ],
            [
              27.6834291,
              41.1575007
            ],
            [
              27.685287,
              41.1616221
            ],
            [
              27.6878434,
              41.1655256
            ],
            [
              27.6910546,
              41.1691445
            ],
            [
              27.6948657,
              41.1724168
            ],
            [
              27.6992113,
              41.1752865
            ],
            [
              27.7040173,
              41.1777045
            ],
            [
              27.7092012,
              41.1796295
            ],
            [
              27.7146745,
              41.1810286
            ],
            [
              27.7203435,
              41.1818777
            ],
            [
              27.7261111,
              41.1821623
            ]
          ]
        ]
      }
    },
    {
      "type": "Feature",
      "properties": {
        "zone_code": "LTR46",
        "zone_name": "Ahlat",
        "zone_type": "RESTRICTED",
        "lower_limit": "SFC",
        "upper_limit": "10000 FT AMSL",
        "effective_from": null,
        "effective_to": null,
        "is_active": true,
        "source_note": "DHM? AIP ENR 5.1 / NOTAM references A3714/25, A4628/25"
      },
      "geometry": {
        "type": "Polygon",
        "coordinates": [
          [
            [
              42.4769444,
              38.7541517
            ],
            [
              42.4783366,
              38.7540805
            ],
            [
              42.4797049,
              38.7538683
            ],
            [
              42.481026,
              38.7535185
            ],
            [
              42.4822772,
              38.7530372
            ],
            [
              42.4834372,
              38.7524327
            ],
            [
              42.4844861,
              38.7517153
            ],
            [
              42.485406,
              38.7508972
            ],
            [
              42.4861811,
              38.7499925
            ],
            [
              42.4867981,
              38.7490166
            ],
            [
              42.4872465,
              38.7479863
            ],
            [
              42.4875187,
              38.7469191
            ],
            [
              42.48761,
              38.7458333
            ],
            [
              42.4875187,
              38.7447476
            ],
            [
              42.4872465,
              38.7436804
            ],
            [
              42.4867981,
              38.74265
            ],
            [
              42.4861811,
              38.7416742
            ],
            [
              42.485406,
              38.7407694
            ],
            [
              42.4844861,
              38.7399514
            ],
            [
              42.4834372,
              38.7392339
            ],
            [
              42.4822772,
              38.7386294
            ],
            [
              42.481026,
              38.7381482
            ],
            [
              42.4797049,
              38.7377984
            ],
            [
              42.4783366,
              38.7375861
            ],
            [
              42.4769444,
              38.737515
            ],
            [
              42.4755523,
              38.7375861
            ],
            [
              42.474184,
              38.7377984
            ],
            [
              42.4728629,
              38.7381482
            ],
            [
              42.4716117,
              38.7386294
            ],
            [
              42.4704517,
              38.7392339
            ],
            [
              42.4694028,
              38.7399514
            ],
            [
              42.4684829,
              38.7407694
            ],
            [
              42.4677078,
              38.7416742
            ],
            [
              42.4670908,
              38.74265
            ],
            [
              42.4666423,
              38.7436804
            ],
            [
              42.4663702,
              38.7447476
            ],
            [
              42.4662789,
              38.7458333
            ],
            [
              42.4663702,
              38.7469191
            ],
            [
              42.4666423,
              38.7479863
            ],
            [
              42.4670908,
              38.7490166
            ],
            [
              42.4677078,
              38.7499925
            ],
            [
              42.4684829,
              38.7508972
            ],
            [
              42.4694028,
              38.7517153
            ],
            [
              42.4704517,
              38.7524327
            ],
            [
              42.4716117,
              38.7530372
            ],
            [
              42.4728629,
              38.7535185
            ],
            [
              42.474184,
              38.7538683
            ],
            [
              42.4755523,
              38.7540805
            ],
            [
              42.4769444,
              38.7541517
            ]
          ]
        ]
      }
    }
  ]
}